timestamp,electricity_demand_mw
2025-02-21 02:00:00,2007.5
2025-12-04 21:00:00,3195.9
2025-03-06 23:00:00,2802.9
2025-05-31 21:00:00,3615.9
2025-12-07 15:00:00,2887.6
2025-03-03 03:00:00,2048.0
2025-08-17 15:00:00,2966.7
2025-01-10 06:00:00,1943.6
2025-05-19 05:00:00,2281.6
2025-05-11 07:00:00,2744.6
2025-10-11 11:00:00,2797.9
2025-07-15 09:00:00,2951.0
2025-04-23 17:00:00,3362.3
2025-01-14 06:00:00,1940.7
2025-01-14 21:00:00,3116.9
2025-06-22 00:00:00,2515.6
2025-04-25 12:00:00,3089.3
2025-03-30 21:00:00,3373.3
2025-12-29 16:00:00,3063.7
2025-02-14 12:00:00,2649.2
2025-01-14 03:00:00,1874.6
2025-05-16 20:00:00,3794.2
2025-04-23 11:00:00,3266.2
2025-02-06 02:00:00,1998.8
2025-01-10 05:00:00,1922.1
2025-03-09 15:00:00,2950.7
2025-08-19 11:00:00,3009.8
2025-02-04 12:00:00,2646.4
2025-06-20 04:00:00,2152.8
2025-05-16 23:00:00,2871.4
2025-11-05 09:00:00,2756.8
2025-06-04 14:00:00,3146.2
2025-04-18 20:00:00,3784.4
2025-08-10 23:00:00,2916.1
2025-06-16 07:00:00,2579.4
2025-08-10 06:00:00,2345.7
2025-08-11 03:00:00,2184.2
2025-12-28 17:00:00,2906.2
2025-02-28 08:00:00,2514.3
2025-04-24 17:00:00,3168.8
2025-09-21 05:00:00,1993.7
2025-05-09 06:00:00,2385.7
2025-07-17 23:00:00,2840.2
2025-03-31 02:00:00,2236.1
2025-04-10 12:00:00,3082.0
2025-03-16 07:00:00,2364.9
2025-05-23 10:00:00,3181.4
2025-05-19 07:00:00,2575.7
2025-10-09 15:00:00,3259.0
2025-05-04 08:00:00,2576.3
2025-07-04 02:00:00,2241.9
2025-06-01 01:00:00,2373.1
2025-03-19 16:00:00,2982.9
2025-12-02 01:00:00,2279.1
2025-10-21 22:00:00,3267.2
2025-09-29 11:00:00,3108.2
2025-07-13 03:00:00,2085.0
2025-12-25 18:00:00,3112.4
2025-03-01 01:00:00,2181.7
2025-07-12 21:00:00,3348.1
2025-04-25 18:00:00,3312.7
2025-06-13 00:00:00,2479.5
2025-08-08 15:00:00,3110.9
2025-09-08 03:00:00,2138.9
2025-09-24 00:00:00,2402.7
2025-08-22 21:00:00,3480.0
2025-10-04 23:00:00,2801.5
2025-03-24 13:00:00,2896.0
2025-05-29 21:00:00,3556.1
2025-09-03 10:00:00,3021.7
2025-07-30 08:00:00,2661.3
2025-04-28 04:00:00,2282.6
2025-01-04 08:00:00,2255.6
2025-05-25 04:00:00,2263.8
2025-03-28 23:00:00,2703.7
2025-10-30 12:00:00,2836.3
2025-06-08 11:00:00,2892.3
2025-02-15 04:00:00,1890.5
2025-06-13 09:00:00,2982.9
2025-10-07 23:00:00,2725.8
2025-09-02 18:00:00,3276.2
2025-07-13 19:00:00,3449.2
2025-12-23 07:00:00,2209.7
2025-02-11 18:00:00,3105.3
2025-07-16 00:00:00,2431.1
2025-09-27 10:00:00,2842.3
2025-01-16 00:00:00,2002.2
2025-02-10 00:00:00,2240.2
2025-12-19 12:00:00,2755.5
2025-10-02 08:00:00,2684.1
2025-08-24 07:00:00,2519.1
2025-09-27 09:00:00,2741.3
2025-11-28 02:00:00,2086.3
2025-01-25 16:00:00,2634.3
2025-03-09 00:00:00,2341.1
2025-10-21 14:00:00,3121.4
2025-09-09 17:00:00,3046.6
2025-09-23 19:00:00,3555.5
2025-11-21 03:00:00,2080.7
2025-02-14 15:00:00,2958.1
2025-01-01 14:00:00,2711.2
2025-04-18 01:00:00,2422.6
2025-02-23 23:00:00,2687.2
2025-09-14 11:00:00,2852.5
2025-08-16 10:00:00,2912.4
2025-10-06 11:00:00,3035.6
2025-10-29 03:00:00,2132.9
2025-10-07 09:00:00,2880.9
2025-06-10 02:00:00,2197.6
2025-04-10 15:00:00,3254.1
2025-06-10 07:00:00,2510.4
2025-01-04 23:00:00,2654.6
2025-02-25 14:00:00,2906.4
2025-01-23 10:00:00,2632.3
2025-03-22 06:00:00,2262.6
2025-01-29 10:00:00,2825.6
2025-01-24 02:00:00,1985.9
2025-12-28 16:00:00,2875.6
2025-02-13 02:00:00,1977.3
2025-05-18 09:00:00,3007.3
2025-01-28 16:00:00,2878.5
2025-04-10 01:00:00,2464.7
2025-10-05 16:00:00,2980.9
2025-06-14 19:00:00,3561.5
2025-12-27 06:00:00,2086.9
2025-02-28 14:00:00,2855.6
2025-11-16 01:00:00,2181.6
2025-07-25 00:00:00,2317.9
2025-07-07 18:00:00,3192.9
2025-12-11 20:00:00,3505.1
2025-12-07 02:00:00,2147.5
2025-11-29 16:00:00,2913.1
2025-11-26 04:00:00,1992.8
2025-11-22 20:00:00,3552.9
2025-07-06 07:00:00,2478.0
2025-07-10 08:00:00,2774.2
2025-04-09 23:00:00,2917.0
2025-04-30 08:00:00,2708.8
2025-07-26 09:00:00,2707.5
2025-09-26 13:00:00,2865.6
2025-12-27 16:00:00,2787.9
2025-10-07 10:00:00,2976.3
2025-05-22 13:00:00,3225.9
2025-06-24 13:00:00,3111.3
2025-02-27 04:00:00,1908.9
2025-08-01 09:00:00,2939.6
2025-03-31 13:00:00,2918.6
2025-03-05 18:00:00,3254.1
2025-04-20 11:00:00,3037.9
2025-06-13 20:00:00,3770.3
2025-06-16 19:00:00,3470.4
2025-03-01 13:00:00,2756.1
2025-12-16 08:00:00,2608.1
2025-07-26 03:00:00,2071.4
2025-05-08 18:00:00,3437.7
2025-02-11 21:00:00,3225.7
2025-06-24 15:00:00,3240.3
2025-11-11 23:00:00,2731.3
2025-12-31 19:00:00,3419.9
2025-07-06 00:00:00,2557.0
2025-07-28 15:00:00,3138.7
2025-03-05 01:00:00,2258.0
2025-07-20 12:00:00,2812.3
2025-12-14 00:00:00,2294.1
2025-09-18 10:00:00,3036.9
2025-02-01 04:00:00,1935.8
2025-05-25 22:00:00,3224.0
2025-01-19 21:00:00,3150.7
2025-07-21 03:00:00,2235.0
2025-11-07 12:00:00,2914.0
2025-05-08 16:00:00,3269.5
2025-04-02 05:00:00,2174.8
2025-08-20 15:00:00,3215.4
2025-01-10 23:00:00,2443.8
2025-08-11 12:00:00,2962.4
2025-12-12 01:00:00,2311.3
2025-01-14 09:00:00,2621.6
2025-03-18 15:00:00,3120.1
2025-02-04 15:00:00,2969.9
2025-04-06 23:00:00,2950.1
2025-03-07 08:00:00,2587.1
2025-12-30 17:00:00,3092.1
2025-06-10 04:00:00,2137.6
2025-09-22 05:00:00,2140.0
2025-03-06 07:00:00,2396.8
2025-04-18 21:00:00,3579.8
2025-05-07 15:00:00,3285.8
2025-05-08 22:00:00,3402.8
2025-11-12 23:00:00,2808.0
2025-09-01 14:00:00,3036.0
2025-08-27 00:00:00,2297.9
2025-02-16 23:00:00,2678.1
2025-09-08 11:00:00,2897.5
2025-09-22 15:00:00,3161.8
2025-01-24 15:00:00,2913.9
2025-02-13 23:00:00,2684.8
2025-12-20 02:00:00,2048.3
2025-09-16 11:00:00,2928.5
2025-02-01 22:00:00,2915.6
2025-09-29 01:00:00,2356.0
2025-03-15 06:00:00,2258.8
2025-05-16 16:00:00,3350.9
2025-10-03 11:00:00,2975.2
2025-04-06 08:00:00,2564.5
2025-02-08 15:00:00,2803.4
2025-01-02 13:00:00,2616.4
2025-04-04 01:00:00,2271.8
2025-05-16 05:00:00,2254.3
2025-10-24 12:00:00,2828.0
2025-03-07 18:00:00,3077.5
2025-05-17 05:00:00,2376.3
2025-03-21 01:00:00,2320.0
2025-11-16 05:00:00,2083.6
2025-02-17 14:00:00,2837.5
2025-05-06 07:00:00,2614.3
2025-11-12 20:00:00,3548.3
2025-06-25 22:00:00,3371.1
2025-10-11 00:00:00,2366.7
2025-11-22 03:00:00,2104.1
2025-11-07 08:00:00,2589.0
2025-06-19 18:00:00,3326.4
2025-08-29 15:00:00,3179.7
2025-10-22 09:00:00,3021.9
2025-06-07 22:00:00,3167.9
2025-12-21 03:00:00,2120.3
2025-02-24 17:00:00,2969.3
2025-07-25 22:00:00,3092.1
2025-04-20 22:00:00,3245.2
2025-07-05 22:00:00,3133.6
2025-01-27 23:00:00,2473.7
2025-07-28 20:00:00,3554.5
2025-11-17 15:00:00,3224.9
2025-08-05 22:00:00,3123.2
2025-09-22 22:00:00,3108.4
2025-07-04 22:00:00,3242.0
2025-04-28 10:00:00,3073.2
2025-05-31 01:00:00,2451.0
2025-11-27 20:00:00,3640.3
2025-09-14 15:00:00,3012.2
2025-12-25 23:00:00,2752.2
2025-02-08 20:00:00,3459.9
2025-12-06 04:00:00,2089.8
2025-02-14 01:00:00,2053.6
2025-12-01 11:00:00,2903.7
2025-09-05 02:00:00,2149.2
2025-01-01 23:00:00,2614.5
2025-02-28 10:00:00,2908.6
2025-08-12 16:00:00,3058.2
2025-07-15 04:00:00,2199.2
2025-03-06 08:00:00,2662.0
2025-12-17 10:00:00,2932.0
2025-05-07 20:00:00,3641.5
2025-12-22 03:00:00,1972.1
2025-02-20 19:00:00,3251.7
2025-09-19 21:00:00,3518.5
2025-04-27 11:00:00,2989.7
2025-11-10 04:00:00,2063.8
2025-09-15 10:00:00,3091.7
2025-04-15 17:00:00,2884.6
2025-03-14 01:00:00,2323.9
2025-01-04 21:00:00,3025.4
2025-06-28 07:00:00,2517.7
2025-04-28 18:00:00,3262.6
2025-03-08 09:00:00,2714.0
2025-12-01 04:00:00,2111.8
2025-02-22 05:00:00,1862.2
2025-11-17 01:00:00,2252.0
2025-02-14 00:00:00,2141.6
2025-12-07 09:00:00,2543.5
2025-06-01 00:00:00,2437.5
2025-05-08 02:00:00,2384.4
2025-01-02 09:00:00,2550.6
2025-10-16 20:00:00,3613.8
2025-05-01 01:00:00,2341.3
2025-09-06 18:00:00,3213.4
2025-05-01 13:00:00,3084.0
2025-11-02 21:00:00,3398.6
2025-11-07 03:00:00,2050.2
2025-07-13 08:00:00,2430.6
2025-05-10 22:00:00,3288.5
2025-12-13 01:00:00,2180.1
2025-07-18 15:00:00,3134.7
2025-01-09 20:00:00,3301.4
2025-05-06 14:00:00,3201.4
2025-01-04 16:00:00,2665.9
2025-08-31 12:00:00,2867.9
2025-06-08 21:00:00,3572.4
2025-05-18 11:00:00,2979.2
2025-09-16 02:00:00,2117.6
2025-05-06 12:00:00,3102.8
2025-10-21 19:00:00,3426.8
2025-06-26 21:00:00,3439.7
2025-02-25 08:00:00,2454.8
2025-12-27 10:00:00,2834.6
2025-01-07 05:00:00,1970.3
2025-02-20 10:00:00,2815.0
2025-09-13 07:00:00,2436.9
2025-08-23 14:00:00,2838.9
2025-05-15 01:00:00,2461.6
2025-06-28 16:00:00,2993.6
2025-09-09 16:00:00,3171.8
2025-12-20 20:00:00,3358.6
2025-03-25 16:00:00,3008.7
2025-11-15 11:00:00,2773.8
2025-09-02 06:00:00,2275.2
2025-11-17 04:00:00,2090.7
2025-04-11 07:00:00,2487.7
2025-03-03 08:00:00,2560.1
2025-05-25 09:00:00,2840.9
2025-03-09 08:00:00,2448.8
2025-05-23 03:00:00,2335.9
2025-07-02 19:00:00,3539.7
2025-09-28 14:00:00,2906.4
2025-06-07 17:00:00,2976.5
2025-03-04 21:00:00,3371.5
2025-08-20 09:00:00,2840.2
2025-09-15 21:00:00,3504.5
2025-01-01 17:00:00,2923.2
2025-03-03 19:00:00,3269.2
2025-04-08 09:00:00,2955.2
2025-07-21 05:00:00,2128.5
2025-03-23 18:00:00,3180.8
2025-09-13 20:00:00,3570.7
2025-11-30 17:00:00,2962.7
2025-10-29 18:00:00,3257.6
2025-02-26 05:00:00,1893.4
2025-12-09 06:00:00,2214.4
2025-07-24 07:00:00,2425.2
2025-02-18 23:00:00,2596.3
2025-05-12 02:00:00,2432.8
2025-05-14 14:00:00,3163.4
2025-09-23 12:00:00,3002.9
2025-01-15 10:00:00,2744.8
2025-12-29 22:00:00,3014.1
2025-11-27 23:00:00,2739.1
2025-08-29 20:00:00,3589.7
2025-07-04 11:00:00,3002.0
2025-08-28 22:00:00,3176.5
2025-09-01 10:00:00,3049.3
2025-07-12 18:00:00,3198.3
2025-03-11 03:00:00,2067.3
2025-03-21 22:00:00,3237.5
2025-01-21 07:00:00,2139.8
2025-11-29 01:00:00,2195.6
2025-08-18 06:00:00,2178.8
2025-08-12 04:00:00,2083.7
2025-12-05 22:00:00,3010.1
2025-07-22 08:00:00,2708.8
2025-01-31 13:00:00,2767.9
2025-07-06 08:00:00,2468.6
2025-04-21 04:00:00,2253.4
2025-04-07 15:00:00,3318.9
2025-05-01 07:00:00,2574.9
2025-12-07 12:00:00,2620.0
2025-02-17 19:00:00,3409.2
2025-06-02 18:00:00,3348.6
2025-07-02 03:00:00,2163.1
2025-03-13 17:00:00,3021.2
2025-10-28 09:00:00,2839.0
2025-02-07 20:00:00,3375.3
2025-04-16 01:00:00,2492.9
2025-06-27 23:00:00,2868.6
2025-08-27 19:00:00,3397.7
2025-02-11 10:00:00,2914.9
2025-07-26 08:00:00,2502.6
2025-05-31 05:00:00,2394.7
2025-09-18 20:00:00,3627.0
2025-11-27 09:00:00,2953.1
2025-06-21 08:00:00,2493.3
2025-07-29 10:00:00,3170.3
2025-06-03 13:00:00,3011.0
2025-10-02 18:00:00,3113.5
2025-08-16 16:00:00,2924.6
2025-08-28 10:00:00,3091.0
2025-01-15 17:00:00,2893.0
2025-08-02 01:00:00,2261.6
2025-03-22 21:00:00,3433.8
2025-03-12 21:00:00,3422.6
2025-05-13 14:00:00,3129.9
2025-01-13 16:00:00,2792.8
2025-01-08 17:00:00,2871.2
2025-03-04 13:00:00,2816.3
2025-10-02 17:00:00,3155.0
2025-07-24 17:00:00,3034.3
2025-08-24 22:00:00,3112.7
2025-11-24 02:00:00,2067.0
2025-03-03 15:00:00,3071.3
2025-03-28 08:00:00,2652.8
2025-09-17 21:00:00,3501.0
2025-07-06 03:00:00,2154.2
2025-09-25 14:00:00,2942.5
2025-02-17 17:00:00,3083.0
2025-07-27 15:00:00,3026.6
2025-11-16 00:00:00,2356.7
2025-07-17 14:00:00,3055.3
2025-04-15 19:00:00,3403.2
2025-08-07 07:00:00,2430.5
2025-01-22 05:00:00,1927.5
2025-10-07 06:00:00,2147.3
2025-06-02 08:00:00,2775.0
2025-04-03 17:00:00,3269.2
2025-02-08 09:00:00,2620.8
2025-06-14 12:00:00,2751.2
2025-10-17 18:00:00,3274.8
2025-06-15 17:00:00,3064.4
2025-03-23 21:00:00,3324.9
2025-03-11 14:00:00,3032.2
2025-03-01 21:00:00,3392.7
2025-10-04 06:00:00,2230.0
2025-10-09 06:00:00,2288.3
2025-12-21 00:00:00,2317.4
2025-12-22 21:00:00,3265.0
2025-02-25 19:00:00,3327.8
2025-10-04 22:00:00,3050.4
2025-01-11 05:00:00,1866.7
2025-03-17 07:00:00,2415.4
2025-01-18 21:00:00,3141.1
2025-05-12 17:00:00,3261.3
2025-12-14 22:00:00,3023.5
2025-04-16 03:00:00,2268.9
2025-02-15 07:00:00,2337.7
2025-02-19 21:00:00,3183.4
2025-10-09 02:00:00,2233.1
2025-04-14 09:00:00,2680.9
2025-06-18 15:00:00,3330.7
2025-05-11 12:00:00,3063.9
2025-08-08 23:00:00,2786.5
2025-11-13 01:00:00,2206.4
2025-06-02 01:00:00,2416.8
2025-11-27 13:00:00,2851.2
2025-09-25 20:00:00,3527.9
2025-10-13 20:00:00,3470.2
2025-01-21 16:00:00,2685.4
2025-12-29 00:00:00,2322.4
2025-11-29 22:00:00,3035.3
2025-08-03 17:00:00,2991.1
2025-10-27 01:00:00,2249.1
2025-05-07 19:00:00,3570.4
2025-09-13 04:00:00,2115.7
2025-01-31 16:00:00,2839.7
2025-05-11 01:00:00,2511.5
2025-01-22 07:00:00,2243.3
2025-01-10 17:00:00,2842.2
2025-06-20 12:00:00,3055.4
2025-10-25 16:00:00,2822.3
2025-08-24 06:00:00,2228.4
2025-10-09 09:00:00,2896.5
2025-05-07 00:00:00,2505.9
2025-12-17 18:00:00,3205.8
2025-06-11 06:00:00,2454.6
2025-08-23 13:00:00,2644.0
2025-09-10 14:00:00,3156.4
2025-07-28 14:00:00,2989.2
2025-08-07 21:00:00,3587.5
2025-09-26 11:00:00,2862.0
2025-11-23 00:00:00,2236.9
2025-07-16 05:00:00,2191.5
2025-11-09 11:00:00,2812.0
2025-12-20 01:00:00,2101.7
2025-04-07 13:00:00,3005.9
2025-07-02 15:00:00,3178.5
2025-01-27 13:00:00,2621.0
2025-01-01 19:00:00,3198.4
2025-10-18 02:00:00,2134.4
2025-02-01 20:00:00,3335.5
2025-03-08 02:00:00,2191.7
2025-12-31 09:00:00,2918.5
2025-07-20 14:00:00,2825.1
2025-02-01 14:00:00,2558.4
2025-01-14 07:00:00,2150.0
2025-11-28 04:00:00,1995.0
2025-03-21 23:00:00,2776.4
2025-10-05 18:00:00,3281.4
2025-01-30 22:00:00,2910.3
2025-03-17 03:00:00,2000.3
2025-07-07 22:00:00,3188.3
2025-10-17 00:00:00,2375.1
2025-06-16 17:00:00,3162.2
2025-12-03 04:00:00,1996.0
2025-07-21 16:00:00,3151.5
2025-04-11 12:00:00,3075.2
2025-10-16 01:00:00,2288.2
2025-01-26 23:00:00,2496.3
2025-06-17 03:00:00,2251.4
2025-07-22 15:00:00,3173.9
2025-09-23 23:00:00,2931.0
2025-12-25 02:00:00,2074.0
2025-01-08 01:00:00,2109.5
2025-04-30 09:00:00,3010.2
2025-09-24 19:00:00,3558.2
2025-07-26 06:00:00,2325.3
2025-05-07 01:00:00,2459.6
2025-01-20 05:00:00,1967.4
2025-08-08 17:00:00,3145.9
2025-06-16 18:00:00,3395.1
2025-06-17 05:00:00,2248.3
2025-08-05 10:00:00,3116.3
2025-08-26 00:00:00,2399.6
2025-01-01 08:00:00,2438.5
2025-06-14 13:00:00,2744.9
2025-01-05 03:00:00,1912.5
2025-08-24 10:00:00,2934.2
2025-06-14 05:00:00,2195.3
2025-12-26 20:00:00,3456.7
2025-10-08 08:00:00,2729.9
2025-10-20 16:00:00,3136.2
2025-07-03 03:00:00,2070.7
2025-10-28 13:00:00,2891.8
2025-06-08 03:00:00,2208.9
2025-08-22 16:00:00,3195.2
2025-10-06 02:00:00,2186.2
2025-06-24 00:00:00,2509.4
2025-05-11 03:00:00,2340.4
2025-05-09 10:00:00,3228.1
2025-09-14 19:00:00,3376.7
2025-07-12 10:00:00,2831.3
2025-05-06 18:00:00,3451.1
2025-07-04 01:00:00,2301.4
2025-09-29 05:00:00,2206.7
2025-09-01 05:00:00,2195.1
2025-05-24 23:00:00,3015.9
2025-11-09 09:00:00,2669.2
2025-07-14 08:00:00,2711.3
2025-09-20 21:00:00,3483.1
2025-08-10 04:00:00,2177.0
2025-05-24 02:00:00,2465.5
2025-02-27 17:00:00,2954.4
2025-08-04 13:00:00,2981.3
2025-12-04 09:00:00,2803.0
2025-11-21 09:00:00,2903.5
2025-11-02 04:00:00,1961.3
2025-12-03 11:00:00,2857.3
2025-11-15 05:00:00,2080.8
2025-02-13 14:00:00,2953.4
2025-04-11 20:00:00,3654.1
2025-01-25 18:00:00,2903.7
2025-08-17 20:00:00,3501.6
2025-10-28 19:00:00,3383.2
2025-02-14 20:00:00,3337.9
2025-07-05 06:00:00,2219.2
2025-04-01 17:00:00,3217.1
2025-07-16 04:00:00,2201.1
2025-08-05 15:00:00,3157.6
2025-11-19 17:00:00,3131.5
2025-04-12 22:00:00,3210.8
2025-09-24 21:00:00,3480.6
2025-01-20 09:00:00,2533.5
2025-02-26 02:00:00,1926.1
2025-01-13 03:00:00,1871.3
2025-03-04 03:00:00,2193.1
2025-12-09 12:00:00,2939.2
2025-09-12 23:00:00,2823.0
2025-11-30 13:00:00,2779.7
2025-11-02 11:00:00,2617.7
2025-08-25 10:00:00,3135.1
2025-02-12 02:00:00,2047.0
2025-08-14 14:00:00,2932.9
2025-05-05 20:00:00,3568.2
2025-06-07 23:00:00,2823.4
2025-08-08 12:00:00,2921.6
2025-10-24 03:00:00,2052.7
2025-02-27 05:00:00,2015.0
2025-02-05 01:00:00,2088.5
2025-12-31 17:00:00,3120.6
2025-09-26 16:00:00,3167.4
2025-02-12 14:00:00,2847.0
2025-02-19 00:00:00,2116.4
2025-12-21 09:00:00,2599.7
2025-09-09 13:00:00,2885.0
2025-06-15 04:00:00,2235.9
2025-03-05 04:00:00,2008.7
2025-09-07 05:00:00,2138.7
2025-03-30 19:00:00,3525.5
2025-03-26 20:00:00,3707.9
2025-06-30 14:00:00,3149.6
2025-04-14 11:00:00,2730.8
2025-10-07 02:00:00,2190.9
2025-08-28 07:00:00,2405.0
2025-03-02 12:00:00,2736.3
2025-05-21 02:00:00,2375.1
2025-11-18 23:00:00,2752.7
2025-07-03 06:00:00,2168.6
2025-04-06 11:00:00,2891.5
2025-05-05 15:00:00,3261.7
2025-02-23 15:00:00,2965.7
2025-08-28 15:00:00,3223.4
2025-01-28 20:00:00,3375.7
2025-07-23 07:00:00,2622.4
2025-08-09 01:00:00,2298.8
2025-09-22 12:00:00,2804.9
2025-02-18 10:00:00,2920.5
2025-06-25 20:00:00,3774.1
2025-08-25 12:00:00,2951.0
2025-05-21 17:00:00,3333.5
2025-10-22 14:00:00,3058.3
2025-07-20 16:00:00,2918.8
2025-02-03 19:00:00,3293.6
2025-01-21 03:00:00,1887.0
2025-07-22 12:00:00,3004.4
2025-02-17 21:00:00,3336.6
2025-02-06 15:00:00,2996.6
2025-01-20 01:00:00,1962.8
2025-04-07 00:00:00,2453.6
2025-02-12 09:00:00,2758.9
2025-10-31 16:00:00,3176.0
2025-11-05 18:00:00,3184.8
2025-10-02 01:00:00,2287.3
2025-01-14 18:00:00,2925.5
2025-07-28 02:00:00,2136.0
2025-06-26 00:00:00,2526.9
2025-10-17 20:00:00,3605.7
2025-12-10 12:00:00,2746.5
2025-05-17 10:00:00,3087.0
2025-02-28 01:00:00,2079.2
2025-02-25 03:00:00,1929.9
2025-04-25 19:00:00,3539.1
2025-08-18 17:00:00,3040.0
2025-04-19 00:00:00,2534.2
2025-08-04 05:00:00,2204.9
2025-10-15 23:00:00,2874.9
2025-08-06 03:00:00,2166.5
2025-10-11 19:00:00,3496.7
2025-12-06 10:00:00,2833.7
2025-11-15 23:00:00,2639.2
2025-07-24 11:00:00,2950.4
2025-12-04 11:00:00,2812.9
2025-08-19 17:00:00,3065.3
2025-10-12 02:00:00,2244.7
2025-02-14 05:00:00,1891.8
2025-09-28 20:00:00,3688.9
2025-11-22 14:00:00,2807.3
2025-07-23 09:00:00,2886.2
2025-09-02 00:00:00,2294.8
2025-10-09 18:00:00,3313.5
2025-03-19 14:00:00,2901.0
2025-06-12 15:00:00,3292.1
2025-07-18 11:00:00,3016.4
2025-12-14 04:00:00,2093.1
2025-08-01 12:00:00,2935.4
2025-12-19 11:00:00,2922.0
2025-04-18 17:00:00,3300.2
2025-10-25 21:00:00,3392.2
2025-11-27 15:00:00,3139.7
2025-06-28 20:00:00,3705.5
2025-01-23 12:00:00,2662.1
2025-01-26 01:00:00,2069.9
2025-05-16 17:00:00,3293.8
2025-12-05 20:00:00,3470.2
2025-02-13 12:00:00,2761.5
2025-09-19 11:00:00,2983.5
2025-03-30 02:00:00,2173.3
2025-07-06 11:00:00,2875.4
2025-06-20 05:00:00,2154.2
2025-10-20 12:00:00,2976.0
2025-11-05 10:00:00,3043.9
2025-11-23 08:00:00,2376.2
2025-07-13 06:00:00,2274.7
2025-05-12 15:00:00,3373.7
2025-05-24 11:00:00,3005.6
2025-08-27 05:00:00,1963.7
2025-05-12 22:00:00,3447.1
2025-05-14 02:00:00,2373.4
2025-12-01 21:00:00,3422.6
2025-04-03 02:00:00,2245.5
2025-05-23 05:00:00,2358.1
2025-09-29 09:00:00,2947.4
2025-10-10 23:00:00,2833.0
2025-05-01 03:00:00,2380.4
2025-05-10 04:00:00,2285.2
2025-10-01 22:00:00,3147.6
2025-10-23 15:00:00,3075.5
2025-02-19 12:00:00,2667.4
2025-01-26 04:00:00,1774.1
2025-01-11 08:00:00,2208.9
2025-06-19 19:00:00,3499.5
2025-09-29 12:00:00,2921.8
2025-12-26 13:00:00,2872.8
2025-08-26 21:00:00,3483.4
2025-01-11 23:00:00,2390.4
2025-03-25 03:00:00,2103.3
2025-01-19 15:00:00,2675.9
2025-10-23 02:00:00,2265.9
2025-01-09 07:00:00,2087.4
2025-01-23 04:00:00,1909.0
2025-04-18 08:00:00,2849.7
2025-05-11 11:00:00,2963.4
2025-07-13 17:00:00,2980.2
2025-08-30 10:00:00,2741.3
2025-01-19 23:00:00,2516.7
2025-11-01 20:00:00,3585.4
2025-12-28 23:00:00,2740.7
2025-10-31 23:00:00,2867.4
2025-06-01 23:00:00,2906.0
2025-09-26 12:00:00,2896.2
2025-04-27 10:00:00,3026.2
2025-12-17 11:00:00,2914.8
2025-06-10 15:00:00,3200.0
2025-05-21 15:00:00,3301.7
2025-10-13 10:00:00,3004.1
2025-10-13 14:00:00,3030.3
2025-10-29 23:00:00,2782.7
2025-12-29 06:00:00,2170.1
2025-11-20 00:00:00,2228.1
2025-11-03 14:00:00,2981.0
2025-12-22 04:00:00,2007.6
2025-04-29 08:00:00,2903.2
2025-04-26 16:00:00,3048.3
2025-10-27 05:00:00,2146.5
2025-11-22 17:00:00,2948.1
2025-11-30 05:00:00,2086.6
2025-02-25 00:00:00,2174.9
2025-04-14 06:00:00,2391.5
2025-12-31 22:00:00,3143.9
2025-10-18 20:00:00,3547.8
2025-11-15 22:00:00,3093.5
2025-01-30 04:00:00,1766.0
2025-01-10 01:00:00,1957.5
2025-02-13 06:00:00,2182.5
2025-03-29 10:00:00,2837.6
2025-11-10 03:00:00,2091.8
2025-04-09 20:00:00,3660.4
2025-05-20 19:00:00,3637.3
2025-03-30 15:00:00,3098.6
2025-09-19 08:00:00,2674.1
2025-01-29 03:00:00,1936.2
2025-12-26 06:00:00,2132.9
2025-06-22 11:00:00,2937.5
2025-09-22 09:00:00,2867.6
2025-03-29 19:00:00,3435.5
2025-05-22 08:00:00,2748.2
2025-12-31 21:00:00,3372.7
2025-11-28 16:00:00,2985.3
2025-02-15 10:00:00,2676.7
2025-05-18 21:00:00,3631.2
2025-05-04 02:00:00,2365.5
2025-09-23 01:00:00,2418.2
2025-03-16 18:00:00,3100.7
2025-05-05 19:00:00,3572.5
2025-01-03 02:00:00,1838.8
2025-11-04 09:00:00,2746.2
2025-06-26 16:00:00,3085.2
2025-12-21 01:00:00,2186.5
2025-10-02 06:00:00,2179.1
2025-11-12 06:00:00,2247.4
2025-11-02 16:00:00,2874.4
2025-01-18 03:00:00,1820.8
2025-03-22 02:00:00,2320.0
2025-05-21 05:00:00,2335.8
2025-12-26 09:00:00,2726.4
2025-03-12 10:00:00,3021.326
2025-10-02 13:00:00,2962.3
2025-05-02 13:00:00,3098.3
2025-10-14 19:00:00,3531.1
2025-09-01 07:00:00,2405.0
2025-07-29 17:00:00,3320.0
2025-09-06 04:00:00,2083.4
2025-02-21 09:00:00,2702.3
2025-09-22 04:00:00,2100.5
2025-01-05 05:00:00,1744.7
2025-08-18 02:00:00,2306.1
2025-05-09 18:00:00,3419.6
2025-09-25 01:00:00,2287.9
2025-04-30 03:00:00,2343.2
2025-05-18 00:00:00,2485.9
2025-09-01 00:00:00,2351.0
2025-12-31 01:00:00,2242.9
2025-07-08 13:00:00,2854.1
2025-03-30 03:00:00,2083.9
2025-06-20 22:00:00,3316.7
2025-09-03 04:00:00,2083.9
2025-11-05 02:00:00,2197.5
2025-05-18 10:00:00,3095.2
2025-09-28 22:00:00,3243.6
2025-04-22 12:00:00,2977.8
2025-05-14 15:00:00,3369.1
2025-05-29 15:00:00,3239.6
2025-03-01 05:00:00,2178.4
2025-09-30 01:00:00,2334.1
2025-10-04 14:00:00,2876.5
2025-09-30 11:00:00,3073.6
2025-12-31 15:00:00,3076.9
2025-09-10 05:00:00,2199.4
2025-11-28 03:00:00,2055.6
2025-02-05 16:00:00,2992.6
2025-10-07 17:00:00,3063.1
2025-03-12 00:00:00,2363.5
2025-12-26 16:00:00,2988.2
2025-03-15 23:00:00,2780.4
2025-07-10 21:00:00,3520.2
2025-06-26 11:00:00,3085.5
2025-09-10 13:00:00,2971.9
2025-11-17 12:00:00,2872.7
2025-07-04 00:00:00,2424.2
2025-04-13 08:00:00,2598.7
2025-12-28 04:00:00,1901.0
2025-04-04 13:00:00,3133.6
2025-12-03 22:00:00,3004.8
2025-08-20 22:00:00,3214.1
2025-03-09 23:00:00,2699.8
2025-01-31 22:00:00,2895.4
2025-01-08 12:00:00,2704.0
2025-04-10 13:00:00,2923.3
2025-05-07 08:00:00,2766.2
2025-03-20 08:00:00,2630.8
2025-12-13 05:00:00,2033.7
2025-01-15 13:00:00,2597.0
2025-11-07 01:00:00,2299.1
2025-02-19 07:00:00,2218.1
2025-03-09 07:00:00,2405.0
2025-09-26 06:00:00,2315.8
2025-05-06 01:00:00,2453.6
2025-07-26 01:00:00,2331.7
2025-10-14 08:00:00,2816.1
2025-11-21 18:00:00,3233.3
2025-01-04 09:00:00,2451.6
2025-04-04 17:00:00,3349.4
2025-07-09 01:00:00,2199.6
2025-08-03 04:00:00,2173.2
2025-09-30 17:00:00,3264.8
2025-05-05 06:00:00,2317.7
2025-10-03 23:00:00,2725.1
2025-11-08 17:00:00,2898.8
2025-12-15 03:00:00,2099.1
2025-02-19 23:00:00,2508.9
2025-10-20 13:00:00,3019.5
2025-09-19 00:00:00,2448.8
2025-07-05 13:00:00,2841.0
2025-08-16 18:00:00,3341.2
2025-08-03 07:00:00,2547.3
2025-11-14 13:00:00,2800.0
2025-05-05 16:00:00,3224.5
2025-01-27 01:00:00,1852.6
2025-02-02 21:00:00,3162.4
2025-10-22 03:00:00,2219.8
2025-03-16 17:00:00,2936.9
2025-03-27 17:00:00,3069.2
2025-01-29 04:00:00,1864.6
2025-03-08 13:00:00,2703.0
2025-10-19 14:00:00,2799.9
2025-02-01 19:00:00,3197.6
2025-01-14 22:00:00,2964.6
2025-11-18 22:00:00,3131.2
2025-12-24 00:00:00,2351.7
2025-04-08 16:00:00,3173.1
2025-08-23 12:00:00,2640.5
2025-10-03 03:00:00,2186.2
2025-10-07 20:00:00,3541.2
2025-09-28 18:00:00,3358.0
2025-05-19 02:00:00,2366.0
2025-12-11 07:00:00,2298.5
2025-10-09 03:00:00,2351.6
2025-02-10 05:00:00,1953.4
2025-05-20 05:00:00,2253.0
2025-01-30 14:00:00,2768.5
2025-02-25 02:00:00,1959.2
2025-11-03 04:00:00,2088.1
2025-11-25 09:00:00,2817.4
2025-09-20 20:00:00,3554.2
2025-04-21 01:00:00,2265.7
2025-09-06 12:00:00,2706.1
2025-04-05 10:00:00,3088.7
2025-08-20 07:00:00,2508.2
2025-03-02 06:00:00,2232.9
2025-03-13 14:00:00,2951.2
2025-05-18 19:00:00,3672.4
2025-09-27 19:00:00,3331.6
2025-01-25 10:00:00,2631.6
2025-12-08 21:00:00,3442.9
2025-08-22 09:00:00,2993.3
2025-04-21 06:00:00,2331.5
2025-07-22 18:00:00,3235.5
2025-03-29 23:00:00,2902.4
2025-11-10 17:00:00,3073.7
2025-03-14 02:00:00,2310.2
2025-08-19 13:00:00,2867.3
2025-03-23 01:00:00,2271.8
2025-03-09 10:00:00,2818.4
2025-09-22 20:00:00,3598.0
2025-11-08 02:00:00,2094.9
2025-07-14 22:00:00,3248.1
2025-01-08 04:00:00,1902.7
2025-07-01 04:00:00,2140.6
2025-09-11 19:00:00,3501.9
2025-08-23 19:00:00,3400.5
2025-02-27 06:00:00,2113.9
2025-12-22 02:00:00,2147.6
2025-01-05 23:00:00,2565.0
2025-10-06 09:00:00,2860.9
2025-01-12 03:00:00,1837.5
2025-11-19 12:00:00,2814.7
2025-03-20 16:00:00,3121.7
2025-08-02 11:00:00,2847.3
2025-08-11 16:00:00,3126.8
2025-11-10 18:00:00,3227.8
2025-01-23 22:00:00,2863.9
2025-09-02 10:00:00,3146.0
2025-08-03 02:00:00,2294.1
2025-12-08 11:00:00,2912.1
2025-04-13 05:00:00,2231.3
2025-12-13 09:00:00,2583.5
2025-05-26 07:00:00,2609.8
2025-11-01 14:00:00,2671.7
2025-09-09 09:00:00,2849.2
2025-05-09 08:00:00,2858.0
2025-10-07 14:00:00,3052.1
2025-03-12 19:00:00,3519.5
2025-11-13 08:00:00,2598.5
2025-01-23 05:00:00,1898.0
2025-07-16 10:00:00,3227.9
2025-07-12 12:00:00,2746.8
2025-09-09 08:00:00,2646.8
2025-02-17 11:00:00,2783.9
2025-01-03 17:00:00,2879.5
2025-10-14 02:00:00,2239.1
2025-06-29 21:00:00,3515.8
2025-07-28 22:00:00,3255.4
2025-04-15 03:00:00,2312.6
2025-03-01 16:00:00,2882.1
2025-01-15 18:00:00,2872.0
2025-10-26 13:00:00,2817.6
2025-01-31 23:00:00,2506.2
2025-07-03 20:00:00,3565.0
2025-06-13 02:00:00,2263.0
2025-09-22 11:00:00,2997.9
2025-06-25 04:00:00,2174.7
2025-09-05 03:00:00,2057.9
2025-11-06 22:00:00,3089.7
2025-06-23 13:00:00,2960.4
2025-02-09 04:00:00,1805.9
2025-12-24 02:00:00,2137.5
2025-04-06 21:00:00,3487.7
2025-01-20 16:00:00,2885.8
2025-06-15 11:00:00,2966.5
2025-11-01 18:00:00,3030.7
2025-12-18 05:00:00,1996.1
2025-06-27 22:00:00,3300.7
2025-11-02 09:00:00,2510.0
2025-10-19 05:00:00,2036.4
2025-03-13 22:00:00,3145.8
2025-02-06 04:00:00,1982.1
2025-01-14 11:00:00,2701.9
2025-08-20 20:00:00,3732.4
2025-05-06 02:00:00,2382.8
2025-03-23 08:00:00,2487.5
2025-07-03 05:00:00,2101.9
2025-04-16 14:00:00,2888.3
2025-03-27 23:00:00,2810.5
2025-02-16 11:00:00,2615.6
2025-02-27 15:00:00,2961.3
2025-12-05 23:00:00,2666.2
2025-01-31 10:00:00,2964.4
2025-04-19 06:00:00,2433.0
2025-10-25 06:00:00,2123.3
2025-03-11 15:00:00,3063.2
2025-10-31 19:00:00,3552.2
2025-10-04 03:00:00,2099.1
2025-08-17 06:00:00,2202.3
2025-06-04 21:00:00,3509.0
2025-03-15 16:00:00,2999.8
2025-08-28 08:00:00,2632.7
2025-12-08 13:00:00,2933.5
2025-02-04 17:00:00,2946.4
2025-05-03 15:00:00,3022.6
2025-05-14 12:00:00,3171.1
2025-01-22 14:00:00,2746.8
2025-06-07 11:00:00,2952.9
2025-07-20 19:00:00,3405.8
2025-09-25 13:00:00,3010.3
2025-10-06 08:00:00,2715.3
2025-11-27 07:00:00,2476.8
2025-10-24 07:00:00,2374.6
2025-06-27 16:00:00,3219.5
2025-10-08 03:00:00,2278.8
2025-07-17 11:00:00,3075.7
2025-03-05 00:00:00,2412.1
2025-12-17 22:00:00,3068.9
2025-08-09 08:00:00,2536.2
2025-06-14 10:00:00,3008.1
2025-02-24 01:00:00,2003.0
2025-04-09 05:00:00,2311.3
2025-10-10 19:00:00,3448.9
2025-05-16 04:00:00,2346.2
2025-08-18 13:00:00,2973.3
2025-03-24 03:00:00,2134.5
2025-11-12 22:00:00,3231.3
2025-06-16 20:00:00,3627.8
2025-05-02 22:00:00,3416.9
2025-09-04 20:00:00,3482.5
2025-03-14 19:00:00,3426.4
2025-02-16 19:00:00,3235.4
2025-10-08 23:00:00,2691.8
2025-10-27 12:00:00,2877.6
2025-05-25 14:00:00,2994.2
2025-07-03 17:00:00,3060.4
2025-08-19 02:00:00,2287.2
2025-02-27 01:00:00,2072.3
2025-12-10 22:00:00,2979.5
2025-12-15 05:00:00,2168.2
2025-05-04 00:00:00,2487.5
2025-03-20 05:00:00,2078.0
2025-02-14 19:00:00,3233.7
2025-06-21 00:00:00,2436.0
2025-08-24 14:00:00,2921.5
2025-04-13 23:00:00,2972.1
2025-03-31 21:00:00,3435.3
2025-05-12 01:00:00,2394.6
2025-09-19 09:00:00,2991.3
2025-09-26 01:00:00,2351.7
2025-12-21 11:00:00,2729.2
2025-10-12 12:00:00,2827.9
2025-04-30 04:00:00,2352.5
2025-04-30 02:00:00,2307.6
2025-12-10 13:00:00,2760.7
2025-10-29 11:00:00,2930.1
2025-01-08 09:00:00,2646.1
2025-03-26 09:00:00,2889.4
2025-01-06 12:00:00,2628.2
2025-07-11 04:00:00,2089.7
2025-08-02 17:00:00,2888.1
2025-12-05 05:00:00,1952.9
2025-03-11 09:00:00,2818.2
2025-08-25 20:00:00,3665.3
2025-01-01 00:00:00,2188.3
2025-04-30 11:00:00,3202.2
2025-05-25 11:00:00,2925.4
2025-08-23 18:00:00,3083.0
2025-11-28 05:00:00,2133.0
2025-03-06 00:00:00,2264.3
2025-10-06 10:00:00,3011.7
2025-03-07 01:00:00,2192.7
2025-12-23 20:00:00,3432.4
2025-07-22 07:00:00,2457.3
2025-06-27 06:00:00,2251.8
2025-01-18 00:00:00,2043.7
2025-04-08 20:00:00,3660.8
2025-07-07 20:00:00,3688.4
2025-02-12 19:00:00,3296.1
2025-01-07 13:00:00,2760.2
2025-12-04 23:00:00,2654.9
2025-08-11 10:00:00,3117.1
2025-07-26 11:00:00,2806.3
2025-07-23 05:00:00,2178.1
2025-01-30 16:00:00,2815.5
2025-11-30 22:00:00,3091.3
2025-12-07 03:00:00,2058.2
2025-10-07 05:00:00,2057.7
2025-06-30 19:00:00,3594.9
2025-12-12 13:00:00,2876.4
2025-07-17 12:00:00,3035.7
2025-10-03 06:00:00,2137.3
2025-07-03 22:00:00,3098.9
2025-07-26 14:00:00,2750.1
2025-02-19 19:00:00,3306.0
2025-08-25 17:00:00,3193.7
2025-10-11 01:00:00,2247.9
2025-04-07 14:00:00,3131.2
2025-09-04 06:00:00,2175.5
2025-06-17 22:00:00,3325.3
2025-05-28 07:00:00,2565.6
2025-05-13 19:00:00,3678.5
2025-07-28 17:00:00,3223.4
2025-02-03 02:00:00,1936.2
2025-07-02 18:00:00,3229.8
2025-04-30 18:00:00,3394.1
2025-09-16 23:00:00,2777.8
2025-01-11 11:00:00,2387.2
2025-11-19 13:00:00,2958.7
2025-05-20 16:00:00,3276.2
2025-06-18 06:00:00,2382.3
2025-04-19 10:00:00,3046.6
2025-03-06 09:00:00,2776.0
2025-05-27 23:00:00,2838.3
2025-11-11 01:00:00,2177.2
2025-10-04 05:00:00,2196.8
2025-12-30 16:00:00,3044.0
2025-02-14 22:00:00,2954.6
2025-12-29 11:00:00,2927.6
2025-07-02 23:00:00,2736.0
2025-09-10 10:00:00,3055.8
2025-12-03 14:00:00,2915.2
2025-04-21 07:00:00,2517.9
2025-11-26 01:00:00,2238.3
2025-06-17 04:00:00,2258.8
2025-05-11 08:00:00,2674.5
2025-05-10 11:00:00,2930.2
2025-04-24 04:00:00,2175.4
2025-11-28 11:00:00,2946.9
2025-01-26 11:00:00,2518.3
2025-08-06 23:00:00,2777.5
2025-07-09 23:00:00,2725.8
2025-05-08 11:00:00,3151.8
2025-06-18 21:00:00,3500.7
2025-12-09 20:00:00,3565.4
2025-10-17 10:00:00,3097.8
2025-07-25 14:00:00,2995.0
2025-07-31 06:00:00,2217.9
2025-05-28 04:00:00,2298.5
2025-02-18 04:00:00,1902.8
2025-12-16 04:00:00,2158.1
2025-01-21 23:00:00,2485.8
2025-08-06 19:00:00,3463.5
2025-01-12 10:00:00,2583.0
2025-07-07 19:00:00,3461.8
2025-05-19 08:00:00,2741.6
2025-04-27 23:00:00,2979.7
2025-06-18 09:00:00,3029.4
2025-09-24 05:00:00,2125.1
2025-08-22 22:00:00,3256.4
2025-01-29 11:00:00,2695.0
2025-07-03 02:00:00,2313.4
2025-02-11 13:00:00,2717.6
2025-09-13 13:00:00,2767.5
2025-02-25 10:00:00,2834.6
2025-05-15 22:00:00,3273.1
2025-02-01 00:00:00,2270.8
2025-06-27 14:00:00,3057.1
2025-11-20 17:00:00,3065.4
2025-11-07 04:00:00,2026.3
2025-08-31 06:00:00,2279.2
2025-08-26 08:00:00,2629.1
2025-10-18 05:00:00,2084.9
2025-03-01 14:00:00,2790.4
2025-07-23 00:00:00,2455.0
2025-12-19 13:00:00,2858.0
2025-05-02 04:00:00,2233.9
2025-02-10 22:00:00,2858.2
2025-01-04 07:00:00,2209.1
2025-09-26 03:00:00,2243.4
2025-11-28 17:00:00,3048.1
2025-05-10 10:00:00,3005.8
2025-03-07 09:00:00,2781.0
2025-03-30 12:00:00,2739.3
2025-09-15 20:00:00,3718.1
2025-09-14 08:00:00,2459.1
2025-02-22 15:00:00,2747.2
2025-01-19 13:00:00,2562.6
2025-03-16 01:00:00,2145.1
2025-06-17 21:00:00,3617.8
2025-07-22 04:00:00,2252.2
2025-11-24 18:00:00,3143.3
2025-06-03 20:00:00,3682.4
2025-11-18 20:00:00,3527.3
2025-11-19 07:00:00,2430.5
2025-01-03 20:00:00,3452.4
2025-01-03 00:00:00,2076.3
2025-02-13 21:00:00,3397.2
2025-08-15 03:00:00,2131.9
2025-07-20 13:00:00,2747.6
2025-06-09 03:00:00,2263.1
2025-12-29 14:00:00,2860.3
2025-07-17 19:00:00,3487.1
2025-04-17 10:00:00,3289.3
2025-08-17 22:00:00,3092.0
2025-01-17 09:00:00,2547.3
2025-05-10 06:00:00,2361.5
2025-01-10 14:00:00,2820.3
2025-01-02 17:00:00,2856.5
2025-06-14 00:00:00,2443.9
2025-10-27 19:00:00,3577.9
2025-11-09 07:00:00,2382.3
2025-08-18 08:00:00,2657.1
2025-09-03 00:00:00,2388.0
2025-04-14 13:00:00,2801.6
2025-07-08 08:00:00,2591.1
2025-10-09 19:00:00,3516.7
2025-04-20 07:00:00,2595.5
2025-07-31 03:00:00,2124.9
2025-11-13 02:00:00,2184.8
2025-10-23 09:00:00,2787.2
2025-03-11 06:00:00,2260.9
2025-07-15 15:00:00,3230.0
2025-01-03 13:00:00,2679.5
2025-08-13 12:00:00,2951.2
2025-06-22 04:00:00,2200.7
2025-07-27 17:00:00,2921.8
2025-01-17 18:00:00,2935.7
2025-01-14 20:00:00,3337.7
2025-10-21 15:00:00,3027.3
2025-02-12 01:00:00,2001.9
2025-02-18 16:00:00,2872.4
2025-04-22 19:00:00,3607.3
2025-11-07 22:00:00,3156.4
2025-07-13 13:00:00,2803.1
2025-04-23 18:00:00,3374.7
2025-06-30 18:00:00,3348.3
2025-06-09 20:00:00,3543.1
2025-10-09 00:00:00,2577.4
2025-12-10 03:00:00,2063.9
2025-11-30 15:00:00,2962.2
2025-05-09 15:00:00,3321.9
2025-11-12 12:00:00,2953.0
2025-12-27 19:00:00,3375.7
2025-05-13 17:00:00,3215.6
2025-06-11 18:00:00,3444.4
2025-03-21 20:00:00,3571.6
2025-11-06 20:00:00,3436.8
2025-01-30 10:00:00,2827.4
2025-05-04 05:00:00,2284.3
2025-08-01 15:00:00,3237.4
2025-07-13 23:00:00,2841.0
2025-09-30 05:00:00,2145.4
2025-05-28 15:00:00,3312.2
2025-01-30 00:00:00,2134.4
2025-02-15 23:00:00,2581.9
2025-03-24 10:00:00,3115.6
2025-01-16 19:00:00,3103.4
2025-11-11 15:00:00,3039.6
2025-06-21 11:00:00,2889.0
2025-11-12 03:00:00,2040.1
2025-06-07 06:00:00,2409.7
2025-04-30 12:00:00,3081.3
2025-07-20 18:00:00,3160.8
2025-01-16 21:00:00,3188.9
2025-03-12 11:00:00,2980.8
2025-03-15 13:00:00,2724.8
2025-10-20 06:00:00,2231.8
2025-12-08 16:00:00,3038.4
2025-08-12 14:00:00,3099.6
2025-11-29 10:00:00,2758.5
2025-09-20 23:00:00,2839.8
2025-09-06 13:00:00,2798.8
2025-04-13 16:00:00,3075.4
2025-12-22 14:00:00,3017.4
2025-05-29 03:00:00,2295.6
2025-11-06 19:00:00,3301.0
2025-10-14 22:00:00,3210.4
2025-03-11 00:00:00,2321.5
2025-11-14 15:00:00,3053.2
2025-02-19 17:00:00,2739.8
2025-12-12 11:00:00,2937.0
2025-02-05 18:00:00,3088.1
2025-10-10 16:00:00,3021.9
2025-09-03 19:00:00,3564.9
2025-12-27 08:00:00,2327.6
2025-09-20 01:00:00,2332.1
2025-03-08 22:00:00,3031.6
2025-03-04 14:00:00,2996.9
2025-03-06 22:00:00,3062.9
2025-12-14 18:00:00,3179.4
2025-05-05 21:00:00,3505.1
2025-11-14 05:00:00,2013.1
2025-07-18 19:00:00,3454.4
2025-11-16 16:00:00,2861.5
2025-04-01 23:00:00,2966.0
2025-08-12 01:00:00,2350.2
2025-08-18 09:00:00,2979.6
2025-03-25 00:00:00,2386.7
2025-11-04 02:00:00,2122.5
2025-12-04 06:00:00,2124.0
2025-03-25 14:00:00,3068.9
2025-12-11 14:00:00,2923.8
2025-09-16 15:00:00,3295.7
2025-05-06 11:00:00,3151.6
2025-10-10 11:00:00,2989.8
2025-01-09 22:00:00,2776.2
2025-05-10 18:00:00,3341.4
2025-03-18 08:00:00,2605.6
2025-02-05 22:00:00,2894.6
2025-11-24 17:00:00,3133.4
2025-07-30 22:00:00,3204.2
2025-10-04 09:00:00,2695.2
2025-12-02 06:00:00,2173.8
2025-01-08 13:00:00,2708.6
2025-10-24 04:00:00,1998.3
2025-08-28 20:00:00,3513.3
2025-08-10 09:00:00,2815.0
2025-03-04 00:00:00,2344.2
2025-10-16 04:00:00,2139.7
2025-04-23 00:00:00,2524.9
2025-09-11 08:00:00,2628.6
2025-04-15 21:00:00,3434.7
2025-03-10 17:00:00,3093.2
2025-05-28 10:00:00,3281.0
2025-08-18 00:00:00,2387.6
2025-01-23 16:00:00,2783.8
2025-04-29 23:00:00,2977.1
2025-08-28 19:00:00,3461.2
2025-05-08 12:00:00,3098.0
2025-10-11 21:00:00,3386.3
2025-10-05 05:00:00,2148.4
2025-06-04 08:00:00,2658.6
2025-12-20 05:00:00,1972.9
2025-03-14 00:00:00,2452.5
2025-11-20 13:00:00,2878.2
2025-08-26 10:00:00,3078.7
2025-12-02 19:00:00,3468.5
2025-02-06 13:00:00,2834.6
2025-11-01 11:00:00,2672.1
2025-10-09 14:00:00,3071.7
2025-12-22 15:00:00,3092.5
2025-12-06 20:00:00,3523.3
2025-03-01 22:00:00,3120.1
2025-05-03 05:00:00,2270.1
2025-03-07 15:00:00,3108.4
2025-10-06 19:00:00,3535.3
2025-10-18 09:00:00,2618.9
2025-12-08 12:00:00,2823.6
2025-03-07 02:00:00,2051.5
2025-12-03 09:00:00,2888.1
2025-03-26 13:00:00,2944.6
2025-09-13 14:00:00,2890.1
2025-06-21 22:00:00,3181.0
2025-12-04 16:00:00,2948.3
2025-08-26 20:00:00,3619.4
2025-03-09 18:00:00,3122.9
2025-04-07 08:00:00,2755.8
2025-07-01 18:00:00,3247.1
2025-09-06 05:00:00,2158.2
2025-07-23 08:00:00,2661.4
2025-06-22 12:00:00,2867.2
2025-12-20 23:00:00,2633.6
2025-07-09 18:00:00,3212.0
2025-03-29 00:00:00,2344.8
2025-05-18 02:00:00,2301.8
2025-09-17 11:00:00,2962.6
2025-05-14 18:00:00,3411.0
2025-04-15 02:00:00,2243.9
2025-02-21 20:00:00,3386.7
2025-05-10 02:00:00,2446.8
2025-10-21 20:00:00,3676.7
2025-07-18 10:00:00,3108.6
2025-06-04 02:00:00,2215.2
2025-10-08 15:00:00,3148.9
2025-01-25 00:00:00,2063.9
2025-06-29 17:00:00,2961.4
2025-02-18 14:00:00,2920.1
2025-09-13 22:00:00,3211.2
2025-01-18 07:00:00,2092.6
2025-06-18 11:00:00,3090.3
2025-11-25 03:00:00,2059.3
2025-03-31 09:00:00,2920.5
2025-02-01 15:00:00,2809.1
2025-11-16 02:00:00,2128.9
2025-02-20 01:00:00,2089.1
2025-03-14 18:00:00,3233.2
2025-03-05 21:00:00,3349.7
2025-04-28 21:00:00,3542.2
2025-06-30 13:00:00,3072.6
2025-08-12 07:00:00,2439.9
2025-08-06 12:00:00,2888.9
2025-01-14 16:00:00,2848.3
2025-12-14 08:00:00,2377.1
2025-11-29 14:00:00,2839.7
2025-12-06 11:00:00,2729.8
2025-04-02 15:00:00,3201.8
2025-07-12 14:00:00,2965.4
2025-07-29 04:00:00,2179.3
2025-02-16 07:00:00,2242.5
2025-09-25 10:00:00,3040.3
2025-12-26 22:00:00,3009.1
2025-09-24 01:00:00,2301.9
2025-12-06 12:00:00,2704.0
2025-02-23 09:00:00,2565.4
2025-06-02 13:00:00,3047.2
2025-03-23 10:00:00,2812.5
2025-08-05 18:00:00,3305.7
2025-05-12 04:00:00,2372.0
2025-03-31 08:00:00,2584.3
2025-07-15 12:00:00,2980.3
2025-06-14 08:00:00,2595.1
2025-02-10 10:00:00,2729.8
2025-06-22 01:00:00,2470.3
2025-10-11 20:00:00,3521.6
2025-11-14 14:00:00,2870.8
2025-08-31 22:00:00,3186.0
2025-04-14 12:00:00,2719.3
2025-10-08 04:00:00,2094.7
2025-06-13 21:00:00,3517.8
2025-02-23 10:00:00,2789.1
2025-06-12 03:00:00,2294.1
2025-12-19 00:00:00,2309.0
2025-07-30 19:00:00,3389.2
2025-12-18 04:00:00,1897.2
2025-03-22 14:00:00,3014.0
2025-03-01 10:00:00,2809.5
2025-10-05 11:00:00,2826.3
2025-03-05 15:00:00,3159.2
2025-05-11 06:00:00,2336.1
2025-07-01 11:00:00,2907.5
2025-07-26 05:00:00,2109.9
2025-12-16 10:00:00,2999.4
2025-10-01 17:00:00,3098.3
2025-12-10 05:00:00,1992.4
2025-09-03 08:00:00,2678.7
2025-02-24 02:00:00,2146.1
2025-11-27 22:00:00,3175.6
2025-01-31 20:00:00,3339.3
2025-06-19 01:00:00,2489.0
2025-11-07 06:00:00,2194.0
2025-11-26 07:00:00,2357.9
2025-09-27 12:00:00,2703.4
2025-08-31 05:00:00,2128.0
2025-04-03 06:00:00,2353.8
2025-08-17 01:00:00,2211.2
2025-07-19 03:00:00,2199.3
2025-05-01 08:00:00,2802.3
2025-11-04 03:00:00,2023.2
2025-05-25 01:00:00,2442.5
2025-08-17 17:00:00,2999.9
2025-01-19 03:00:00,1990.7
2025-04-26 00:00:00,2529.6
2025-07-14 01:00:00,2409.8
2025-01-13 20:00:00,3293.0
2025-06-05 14:00:00,3127.5
2025-01-04 15:00:00,2613.2
2025-06-26 22:00:00,3282.9
2025-10-22 20:00:00,3582.9
2025-02-12 12:00:00,2769.4
2025-07-21 04:00:00,2160.6
2025-04-07 06:00:00,2421.9
2025-03-08 11:00:00,2716.7
2025-09-21 09:00:00,2725.2
2025-03-14 13:00:00,2936.3
2025-07-24 04:00:00,2017.4
2025-10-16 22:00:00,3216.3
2025-05-18 13:00:00,2919.6
2025-01-11 17:00:00,2583.1
2025-06-27 02:00:00,2214.8
2025-01-13 00:00:00,2051.7
2025-10-16 09:00:00,2809.9
2025-06-16 05:00:00,2328.2
2025-11-06 04:00:00,1935.2
2025-08-09 20:00:00,3643.4
2025-08-12 19:00:00,3429.8
2025-11-20 18:00:00,3198.2
2025-07-21 12:00:00,2998.7
2025-11-03 11:00:00,2845.3
2025-01-31 17:00:00,2881.0
2025-10-14 00:00:00,2402.0
2025-11-28 07:00:00,2294.3
2025-08-21 19:00:00,3437.5
2025-01-23 15:00:00,2856.0
2025-05-04 03:00:00,2176.5
2025-05-22 20:00:00,3725.3
2025-09-02 11:00:00,3044.9
2025-08-20 19:00:00,3472.4
2025-04-22 09:00:00,2968.2
2025-07-27 06:00:00,2325.8
2025-12-12 07:00:00,2391.0
2025-03-14 12:00:00,2956.9
2025-10-31 22:00:00,3301.8
2025-04-28 07:00:00,2489.4
2025-02-03 08:00:00,2417.1
2025-10-01 07:00:00,2356.0
2025-02-28 13:00:00,2813.7
2025-01-03 08:00:00,2363.7
2025-01-03 21:00:00,3160.7
2025-08-11 07:00:00,2479.0
2025-01-30 15:00:00,2904.9
2025-07-08 06:00:00,2226.0
2025-01-12 01:00:00,1956.7
2025-11-06 15:00:00,3004.1
2025-12-17 17:00:00,3093.1
2025-08-24 02:00:00,2147.1
2025-06-12 17:00:00,3241.3
2025-05-31 17:00:00,3100.3
2025-04-11 04:00:00,2198.0
2025-07-13 15:00:00,2965.0
2025-03-09 09:00:00,2703.0
2025-07-15 05:00:00,2214.8
2025-07-28 09:00:00,2936.0
2025-08-31 17:00:00,2997.7
2025-11-16 09:00:00,2680.6
2025-10-11 03:00:00,2183.4
2025-04-02 07:00:00,2497.5
2025-06-17 11:00:00,3041.0
2025-10-19 23:00:00,2835.0
2025-09-19 17:00:00,3162.1
2025-05-11 23:00:00,2984.2
2025-04-22 00:00:00,2446.0
2025-06-02 05:00:00,2231.0
2025-11-18 11:00:00,2915.5
2025-12-04 00:00:00,2203.1
2025-11-01 10:00:00,2732.8
2025-12-18 18:00:00,3186.3
2025-08-18 05:00:00,2267.3
2025-04-19 22:00:00,3229.2
2025-02-01 07:00:00,2310.5
2025-05-04 18:00:00,3420.4
2025-05-20 13:00:00,3140.3
2025-08-31 11:00:00,2690.4
2025-01-20 20:00:00,3432.9
2025-08-09 12:00:00,2725.6
2025-10-29 10:00:00,3078.3
2025-04-23 04:00:00,2316.6
2025-01-09 19:00:00,3145.1
2025-01-20 12:00:00,2684.9
2025-07-21 06:00:00,2349.4
2025-06-29 23:00:00,2750.4
2025-12-17 16:00:00,3045.1
2025-05-09 23:00:00,3101.9
2025-02-12 17:00:00,2919.1
2025-11-16 04:00:00,2126.4
2025-09-26 10:00:00,2984.5
2025-03-30 20:00:00,3662.7
2025-04-10 23:00:00,3079.0
2025-03-03 06:00:00,2145.3
2025-12-28 19:00:00,3394.3
2025-10-30 10:00:00,3111.1
2025-06-04 19:00:00,3491.6
2025-09-15 12:00:00,2901.8
2025-02-02 05:00:00,1882.7
2025-11-04 11:00:00,2886.0
2025-04-18 14:00:00,3119.2
2025-08-28 03:00:00,2229.9
2025-07-25 16:00:00,3127.6
2025-01-27 17:00:00,2845.5
2025-12-15 17:00:00,3079.6
2025-01-09 04:00:00,1782.0
2025-08-12 17:00:00,3119.7
2025-12-08 15:00:00,3104.4
2025-10-14 10:00:00,3102.9
2025-10-11 08:00:00,2565.9
2025-02-16 04:00:00,2008.0
2025-03-26 18:00:00,3279.3
2025-12-06 21:00:00,3359.6
2025-03-01 04:00:00,2129.6
2025-04-03 15:00:00,3243.7
2025-04-24 14:00:00,3102.7
2025-11-13 20:00:00,3547.2
2025-08-15 22:00:00,3153.9
2025-05-25 02:00:00,2443.1
2025-02-09 21:00:00,3204.0
2025-08-30 01:00:00,2348.6
2025-01-27 09:00:00,2589.2
2025-05-08 17:00:00,3310.6
2025-07-11 03:00:00,2127.8
2025-03-25 10:00:00,3058.4
2025-02-22 13:00:00,2502.5
2025-01-05 22:00:00,2813.9
2025-09-17 04:00:00,2138.2
2025-07-12 09:00:00,2760.1
2025-10-10 01:00:00,2235.2
2025-08-24 08:00:00,2605.0
2025-07-19 00:00:00,2424.5
2025-11-14 07:00:00,2358.3
2025-06-15 20:00:00,3636.4
2025-03-26 06:00:00,2253.3
2025-07-29 21:00:00,3622.6
2025-10-22 17:00:00,3227.8
2025-03-14 09:00:00,2862.3
2025-02-18 20:00:00,3498.2
2025-06-03 12:00:00,2992.0
2025-10-15 00:00:00,2497.1
2025-03-17 17:00:00,3103.3
2025-08-16 13:00:00,2783.7
2025-06-10 06:00:00,2309.0
2025-12-23 06:00:00,2190.8
2025-09-16 21:00:00,3469.6
2025-06-29 07:00:00,2458.8
2025-12-03 02:00:00,2117.1
2025-09-07 15:00:00,2986.7
2025-08-17 10:00:00,2906.9
2025-09-06 03:00:00,2181.0
2025-07-16 18:00:00,3358.9
2025-06-07 19:00:00,3464.3
2025-05-20 01:00:00,2410.0
2025-07-24 02:00:00,2141.1
2025-11-23 22:00:00,3070.1
2025-05-17 15:00:00,3103.9
2025-09-04 02:00:00,2033.5
2025-02-03 23:00:00,2669.3
2025-07-19 11:00:00,2840.1
2025-01-26 18:00:00,3030.5
2025-06-11 05:00:00,2162.9
2025-10-21 02:00:00,2217.6
2025-07-12 00:00:00,2366.4
2025-02-13 10:00:00,2994.7
2025-04-13 10:00:00,2912.2
2025-03-10 10:00:00,2967.7
2025-02-14 18:00:00,3001.6
2025-02-28 04:00:00,2002.9
2025-04-15 12:00:00,2626.3
2025-07-08 01:00:00,2207.3
2025-01-08 11:00:00,2829.9
2025-12-29 01:00:00,2189.8
2025-12-02 23:00:00,2701.9
2025-10-21 07:00:00,2349.6
2025-04-26 10:00:00,3084.8
2025-05-24 01:00:00,2556.2
2025-05-21 22:00:00,3310.2
2025-11-20 14:00:00,2866.5
2025-03-05 20:00:00,3490.2
2025-11-22 11:00:00,2806.1
2025-07-01 10:00:00,3048.2
2025-08-10 14:00:00,2887.8
2025-10-10 04:00:00,2181.9
2025-11-20 11:00:00,2981.5
2025-10-20 09:00:00,2933.9
2025-02-26 01:00:00,2158.0
2025-05-25 07:00:00,2619.0
2025-09-13 09:00:00,2684.9
2025-04-06 22:00:00,3170.5
2025-07-31 08:00:00,2627.9
2025-06-12 20:00:00,3748.3
2025-08-15 17:00:00,3144.7
2025-04-05 19:00:00,3546.9
2025-10-09 16:00:00,3123.9
2025-08-25 05:00:00,2190.8
2025-02-23 05:00:00,2177.3
2025-03-14 04:00:00,2017.3
2025-09-28 00:00:00,2491.8
2025-07-28 05:00:00,2101.9
2025-11-20 03:00:00,2036.8
2025-12-25 21:00:00,3381.4
2025-03-03 16:00:00,2944.2
2025-02-01 01:00:00,2151.4
2025-05-19 21:00:00,3623.6
2025-12-29 15:00:00,3025.0
2025-12-23 10:00:00,2864.9
2025-09-20 22:00:00,3136.4
2025-10-01 09:00:00,2866.7
2025-02-01 03:00:00,1951.2
2025-06-16 01:00:00,2327.5
2025-12-03 03:00:00,2086.0
2025-11-15 01:00:00,2164.8
2025-05-28 01:00:00,2472.3
2025-11-30 21:00:00,3456.9
2025-08-31 01:00:00,2324.5
2025-02-18 11:00:00,2875.0
2025-09-21 12:00:00,2815.8
2025-11-24 16:00:00,3131.8
2025-07-16 02:00:00,2286.2
2025-03-22 08:00:00,2593.4
2025-05-17 08:00:00,2694.5
2025-07-01 03:00:00,2244.7
2025-09-14 23:00:00,2725.3
2025-05-21 21:00:00,3670.8
2025-09-16 03:00:00,2080.0
2025-03-08 14:00:00,2798.1
2025-08-17 13:00:00,2771.7
2025-01-13 12:00:00,2760.2
2025-02-17 16:00:00,2979.5
2025-03-12 08:00:00,2625.9
2025-07-14 16:00:00,3173.5
2025-10-02 07:00:00,2434.8
2025-12-12 08:00:00,2627.6
2025-09-29 00:00:00,2511.5
2025-05-03 11:00:00,2966.1
2025-10-26 23:00:00,2885.8
2025-06-05 19:00:00,3493.8
2025-05-24 05:00:00,2285.1
2025-06-16 08:00:00,2683.3
2025-06-19 11:00:00,3030.8
2025-05-15 19:00:00,3717.0
2025-02-18 05:00:00,1970.8
2025-07-01 06:00:00,2200.1
2025-01-21 06:00:00,1996.1
2025-02-19 04:00:00,1799.1
2025-10-06 21:00:00,3474.5
2025-09-16 10:00:00,3065.7
2025-04-23 03:00:00,2349.8
2025-05-22 15:00:00,3263.5
2025-07-16 17:00:00,3304.3
2025-12-31 02:00:00,2060.5
2025-09-26 00:00:00,2511.5
2025-08-23 23:00:00,2851.1
2025-07-27 09:00:00,2843.1
2025-07-02 05:00:00,2129.2
2025-06-02 10:00:00,3156.5
2025-09-07 22:00:00,3013.5
2025-04-25 15:00:00,3267.3
2025-05-30 16:00:00,3309.1
2025-09-14 16:00:00,2857.6
2025-12-21 02:00:00,2133.4
2025-09-02 20:00:00,3649.8
2025-08-29 23:00:00,2815.8
2025-07-07 10:00:00,3064.8
2025-08-06 20:00:00,3639.1
2025-01-28 17:00:00,2908.8
2025-12-05 02:00:00,2154.8
2025-07-18 03:00:00,2217.2
2025-01-27 18:00:00,2909.9
2025-07-28 07:00:00,2457.1
2025-01-08 08:00:00,2333.1
2025-04-09 21:00:00,3594.5
2025-06-05 08:00:00,2901.2
2025-02-02 18:00:00,2995.1
2025-06-30 11:00:00,3112.7
2025-01-19 17:00:00,2763.8
2025-10-11 10:00:00,2772.7
2025-06-15 08:00:00,2558.0
2025-01-15 01:00:00,1959.2
2025-06-20 20:00:00,3810.7
2025-01-04 19:00:00,3091.8
2025-09-26 15:00:00,3161.5
2025-11-23 04:00:00,2051.9
2025-12-13 22:00:00,3126.1
2025-08-04 04:00:00,2000.5
2025-05-30 13:00:00,3133.6
2025-01-23 02:00:00,1853.2
2025-12-23 13:00:00,2734.1
2025-02-11 12:00:00,2727.3
2025-08-20 18:00:00,3292.2
2025-04-15 14:00:00,2733.3
2025-07-10 22:00:00,3211.7
2025-07-25 17:00:00,3140.7
2025-05-09 22:00:00,3379.0
2025-03-10 11:00:00,2954.5
2025-01-05 10:00:00,2535.0
2025-04-16 23:00:00,3019.6
2025-08-04 02:00:00,2255.5
2025-03-01 11:00:00,2827.0
2025-02-12 10:00:00,2832.2
2025-06-04 12:00:00,3088.2
2025-01-06 11:00:00,2721.9
2025-07-29 07:00:00,2511.4
2025-11-02 02:00:00,2060.8
2025-05-19 16:00:00,3297.5
2025-10-04 10:00:00,2856.6
2025-04-03 00:00:00,2606.2
2025-05-25 03:00:00,2247.4
2025-06-28 22:00:00,3226.5
2025-04-12 12:00:00,2767.2
2025-10-14 12:00:00,2986.0
2025-05-14 21:00:00,3670.1
2025-04-01 06:00:00,2403.0
2025-09-02 17:00:00,3223.6
2025-07-25 01:00:00,2319.6
2025-12-17 20:00:00,3612.5
2025-11-25 13:00:00,2855.7
2025-04-13 07:00:00,2528.7
2025-01-29 22:00:00,2974.8
2025-05-28 00:00:00,2445.3
2025-12-18 20:00:00,3403.9
2025-05-01 05:00:00,2213.2
2025-01-07 23:00:00,2574.7
2025-12-24 22:00:00,2987.4
2025-01-16 07:00:00,2136.6
2025-04-29 15:00:00,3422.2
2025-10-12 11:00:00,2911.4
2025-06-30 16:00:00,3296.6
2025-08-05 06:00:00,2258.8
2025-02-04 19:00:00,3256.4
2025-03-11 16:00:00,3042.4
2025-03-29 06:00:00,2292.6
2025-11-27 12:00:00,2860.6
2025-12-03 05:00:00,2037.1
2025-07-28 00:00:00,2392.8
2025-03-18 11:00:00,2996.9
2025-09-28 09:00:00,2659.3
2025-10-12 00:00:00,2519.1
2025-08-12 23:00:00,2822.5
2025-09-13 15:00:00,2944.4
2025-10-15 21:00:00,3476.1
2025-08-14 17:00:00,3057.7
2025-05-14 03:00:00,2268.7
2025-09-17 10:00:00,3007.6
2025-11-25 18:00:00,3189.4
2025-07-02 06:00:00,2229.2
2025-08-14 02:00:00,2200.3
2025-10-08 14:00:00,2975.2
2025-04-03 07:00:00,2563.9
2025-06-22 23:00:00,2939.7
2025-09-02 13:00:00,3020.4
2025-01-05 04:00:00,1809.8
2025-05-23 02:00:00,2285.4
2025-03-16 14:00:00,2776.8
2025-11-09 19:00:00,3351.5
2025-12-09 10:00:00,2972.2
2025-12-12 12:00:00,2906.9
2025-03-29 22:00:00,3181.2
2025-03-05 23:00:00,2719.2
2025-06-03 16:00:00,3104.5
2025-08-11 00:00:00,2397.4
2025-09-27 03:00:00,2150.8
2025-07-22 00:00:00,2508.9
2025-04-05 16:00:00,3012.9
2025-02-20 22:00:00,2958.0
2025-08-16 11:00:00,2840.3
2025-02-24 19:00:00,3217.5
2025-11-29 06:00:00,2140.5
2025-11-10 10:00:00,3077.5
2025-03-03 01:00:00,2095.4
2025-10-07 07:00:00,2431.4
2025-04-30 23:00:00,2880.2
2025-04-21 23:00:00,2922.6
2025-03-14 16:00:00,3148.0
2025-04-22 06:00:00,2384.4
2025-07-14 03:00:00,2310.4
2025-12-29 20:00:00,3536.8
2025-03-06 14:00:00,2981.9
2025-07-19 06:00:00,2289.5
2025-10-09 07:00:00,2485.0
2025-11-05 07:00:00,2496.7
2025-11-29 05:00:00,2130.4
2025-03-14 11:00:00,2937.5
2025-08-25 02:00:00,2280.1
2025-12-10 15:00:00,2957.8
2025-03-10 18:00:00,3153.6
2025-01-04 01:00:00,2093.3
2025-03-18 20:00:00,3584.7
2025-09-15 05:00:00,2135.4
2025-12-26 05:00:00,1951.1
2025-04-05 07:00:00,2500.2
2025-04-09 02:00:00,2359.1
2025-12-15 14:00:00,2952.5
2025-05-19 20:00:00,3788.9
2025-07-01 09:00:00,2849.1
2025-04-16 02:00:00,2347.2
2025-12-20 08:00:00,2265.0
2025-07-06 23:00:00,2938.7
2025-02-16 22:00:00,2964.7
2025-10-21 01:00:00,2324.3
2025-09-04 00:00:00,2282.0
2025-02-20 03:00:00,1940.6
2025-09-10 02:00:00,2291.7
2025-06-13 06:00:00,2278.1
2025-06-30 21:00:00,3543.0
2025-04-03 13:00:00,3012.4
2025-06-15 00:00:00,2473.9
2025-05-25 17:00:00,3060.8
2025-01-12 22:00:00,2863.8
2025-01-02 07:00:00,2137.4
2025-05-07 10:00:00,3165.4
2025-07-30 06:00:00,2376.9
2025-01-25 06:00:00,2034.7
2025-05-18 08:00:00,2650.4
2025-07-05 02:00:00,2154.9
2025-01-08 00:00:00,2188.3
2025-05-01 20:00:00,3778.2
2025-08-31 08:00:00,2482.3
2025-12-14 13:00:00,2637.5
2025-10-18 03:00:00,2158.5
2025-03-28 19:00:00,3451.7
2025-11-21 07:00:00,2380.5
2025-07-02 14:00:00,3010.3
2025-06-20 11:00:00,3098.8
2025-08-02 21:00:00,3469.5
2025-04-13 17:00:00,3002.1
2025-02-03 13:00:00,2669.1
2025-11-10 05:00:00,2110.4
2025-08-18 20:00:00,3698.6
2025-12-23 09:00:00,2697.8
2025-09-29 07:00:00,2586.6
2025-02-18 01:00:00,2058.9
2025-11-23 03:00:00,2037.4
2025-04-28 12:00:00,3042.5
2025-02-21 18:00:00,2943.6
2025-11-28 01:00:00,2186.3
2025-08-29 03:00:00,2068.6
2025-01-26 20:00:00,3241.1
2025-01-23 19:00:00,3170.8
2025-05-19 04:00:00,2203.9
2025-05-30 04:00:00,2364.1
2025-12-14 15:00:00,2940.4
2025-01-02 02:00:00,1990.7
2025-05-25 23:00:00,2967.0
2025-04-18 11:00:00,3148.9
2025-06-20 18:00:00,3364.0
2025-04-30 06:00:00,2419.2
2025-07-16 11:00:00,2980.0
2025-02-24 06:00:00,1995.5
2025-09-08 22:00:00,3038.5
2025-12-24 06:00:00,2195.1
2025-12-24 05:00:00,2058.0
2025-08-20 13:00:00,3051.4
2025-12-21 16:00:00,2814.4
2025-12-17 03:00:00,2085.6
2025-01-21 20:00:00,3225.1
2025-11-04 12:00:00,2775.1
2025-01-19 05:00:00,1918.7
2025-04-23 10:00:00,3219.8
2025-08-06 04:00:00,2071.9
2025-11-20 22:00:00,3065.3
2025-06-18 16:00:00,3255.5
2025-04-26 18:00:00,3443.1
2025-08-27 03:00:00,2170.1
2025-09-05 20:00:00,3474.4
2025-08-12 05:00:00,2050.6
2025-09-11 12:00:00,2949.8
2025-05-22 09:00:00,3126.0
2025-05-28 13:00:00,3123.7
2025-04-04 14:00:00,3053.4
2025-10-27 22:00:00,3235.0
2025-06-27 21:00:00,3651.0
2025-08-03 23:00:00,2731.3
2025-01-14 14:00:00,2821.1
2025-02-13 07:00:00,2263.1
2025-07-15 16:00:00,3119.3
2025-11-06 00:00:00,2242.9
2025-08-21 06:00:00,2245.2
2025-09-25 02:00:00,2255.9
2025-10-16 13:00:00,2914.2
2025-12-10 02:00:00,2015.8
2025-03-19 22:00:00,3023.2
2025-01-05 11:00:00,2533.1
2025-03-31 06:00:00,2299.7
2025-09-14 02:00:00,2125.9
2025-02-28 22:00:00,3013.0
2025-01-23 06:00:00,1901.4
2025-08-30 08:00:00,2427.7
2025-12-05 07:00:00,2295.1
2025-10-19 01:00:00,2256.4
2025-12-28 14:00:00,2844.6
2025-01-25 09:00:00,2308.9
2025-04-01 13:00:00,2968.3
2025-12-28 21:00:00,3313.9
2025-09-16 19:00:00,3498.6
2025-03-28 03:00:00,2086.9
2025-12-01 06:00:00,2152.5
2025-03-12 23:00:00,2772.3
2025-04-19 13:00:00,2903.3
2025-12-03 13:00:00,2954.6
2025-01-21 11:00:00,2717.2
2025-04-19 17:00:00,2991.0
2025-09-08 17:00:00,3186.8
2025-01-10 02:00:00,2073.8
2025-03-21 19:00:00,
2025-11-07 11:00:00,2905.1
2025-07-08 23:00:00,2781.2
2025-04-25 17:00:00,3292.4
2025-09-05 08:00:00,2622.5
2025-02-05 12:00:00,2793.4
2025-04-18 06:00:00,2359.3
2025-11-04 04:00:00,1998.7
2025-11-23 02:00:00,2180.5
2025-09-15 06:00:00,2206.9
2025-08-16 22:00:00,3201.1
2025-09-30 04:00:00,2089.9
2025-06-07 14:00:00,2895.8
2025-06-04 07:00:00,2572.8
2025-04-29 10:00:00,3284.9
2025-03-26 02:00:00,2172.2
2025-10-17 03:00:00,2176.7
2025-10-16 17:00:00,3121.3
2025-12-30 04:00:00,2095.1
2025-10-29 07:00:00,2469.3
2025-01-17 13:00:00,2544.0
2025-02-24 21:00:00,3325.6
2025-10-03 08:00:00,2576.9
2025-01-06 01:00:00,2066.0
2025-06-18 00:00:00,2532.4
2025-01-17 17:00:00,2877.9
2025-01-05 15:00:00,2656.0
2025-10-31 09:00:00,2900.5
2025-03-07 06:00:00,2163.8
2025-07-12 02:00:00,2239.2
2025-04-28 17:00:00,3195.2
2025-08-24 13:00:00,2836.8
2025-04-05 04:00:00,2190.9
2025-09-04 10:00:00,3033.4
2025-09-30 15:00:00,3250.3
2025-05-09 13:00:00,3059.5
2025-11-26 16:00:00,2993.5
2025-03-06 21:00:00,3418.9
2025-10-15 01:00:00,2294.5
2025-08-14 12:00:00,2915.6
2025-01-24 21:00:00,3213.3
2025-07-12 11:00:00,2869.4
2025-06-03 10:00:00,3107.7
2025-11-18 00:00:00,2348.7
2025-03-13 16:00:00,2993.5
2025-04-18 04:00:00,2290.0
2025-07-21 01:00:00,2354.8
2025-04-24 16:00:00,3118.5
2025-09-13 18:00:00,3290.0
2025-02-28 15:00:00,3005.2
2025-01-23 07:00:00,2134.2
2025-04-21 08:00:00,2640.3
2025-08-12 08:00:00,2684.6
2025-05-26 02:00:00,2502.3
2025-05-12 09:00:00,3080.1
2025-08-15 20:00:00,3684.7
2025-03-23 13:00:00,2753.8
2025-03-01 18:00:00,3230.5
2025-07-10 14:00:00,3142.3
2025-07-11 02:00:00,2303.8
2025-02-20 21:00:00,3242.8
2025-09-24 14:00:00,3077.7
2025-05-16 08:00:00,2833.0
2025-07-06 19:00:00,3501.4
2025-12-07 05:00:00,2013.5
2025-03-19 19:00:00,3419.9
2025-03-02 14:00:00,2810.4
2025-04-14 01:00:00,2386.9
2025-06-11 23:00:00,2852.5
2025-10-30 14:00:00,3010.2
2025-01-20 17:00:00,2958.2
2025-09-26 20:00:00,3658.5
2025-03-17 20:00:00,3541.2
2025-10-20 04:00:00,2122.8
2025-02-06 17:00:00,3054.4
2025-01-03 03:00:00,1758.1
2025-03-18 16:00:00,3069.3
2025-07-30 00:00:00,2428.7
2025-07-02 02:00:00,2199.8
2025-12-11 01:00:00,2097.6
2025-12-15 06:00:00,2245.9
2025-01-20 13:00:00,2686.2
2025-09-02 02:00:00,2352.1
2025-06-05 13:00:00,3037.5
2025-09-23 00:00:00,2515.8
2025-09-03 23:00:00,2785.5
2025-06-01 02:00:00,2260.4
2025-01-11 07:00:00,2138.6
2025-01-03 22:00:00,2930.1
2025-03-19 10:00:00,3019.8
2025-03-14 03:00:00,2174.6
2025-10-19 16:00:00,2881.3
2025-02-06 01:00:00,2194.3
2025-02-01 17:00:00,2729.9
2025-08-18 12:00:00,2820.8
2025-12-13 20:00:00,3541.2
2025-06-10 22:00:00,3156.1
2025-04-07 12:00:00,3032.9
2025-06-19 22:00:00,3261.6
2025-10-20 08:00:00,2665.2
2025-05-22 21:00:00,3487.4
2025-01-18 17:00:00,2670.3
2025-01-08 20:00:00,3355.8
2025-06-29 10:00:00,2780.2
2025-11-03 03:00:00,2119.2
2025-01-10 12:00:00,2532.5
2025-07-05 01:00:00,2223.2
2025-11-01 22:00:00,3050.1
2025-01-29 21:00:00,3154.5
2025-02-13 09:00:00,2792.5
2025-08-04 08:00:00,2619.9
2025-11-05 14:00:00,2979.2
2025-01-27 00:00:00,2159.9
2025-05-10 05:00:00,2351.2
2025-05-21 23:00:00,2948.9
2025-07-12 01:00:00,2328.1
2025-03-21 09:00:00,2843.8
2025-11-03 22:00:00,3223.4
2025-02-03 09:00:00,2636.2
2025-03-03 23:00:00,2718.0
2025-12-27 11:00:00,2854.4
2025-12-10 21:00:00,3372.1
2025-05-14 16:00:00,3363.1
2025-05-03 20:00:00,3652.5
2025-07-19 13:00:00,2792.8
2025-02-17 00:00:00,2131.4
2025-09-23 22:00:00,3283.6
2025-07-02 04:00:00,2018.8
2025-09-23 18:00:00,3288.5
2025-04-17 05:00:00,2324.2
2025-01-03 10:00:00,2929.6
2025-04-14 20:00:00,3720.4
2025-05-06 17:00:00,3375.4
2025-10-18 07:00:00,2357.8
2025-08-14 05:00:00,2105.2
2025-11-27 16:00:00,3082.1
2025-02-18 03:00:00,2061.5
2025-07-18 01:00:00,2368.8
2025-12-17 02:00:00,2108.8
2025-01-05 00:00:00,2088.6
2025-08-24 11:00:00,2841.0
2025-03-10 00:00:00,2294.3
2025-12-13 16:00:00,2820.3
2025-01-07 12:00:00,2665.1
2025-08-27 10:00:00,2966.8
2025-05-08 23:00:00,3007.0
2025-05-01 00:00:00,2585.9
2025-07-05 14:00:00,2907.8
2025-12-24 20:00:00,3433.6
2025-08-19 20:00:00,3676.6
2025-09-06 06:00:00,2304.4
2025-09-07 17:00:00,2980.1
2025-07-29 08:00:00,2787.9
2025-05-20 17:00:00,3279.9
2025-06-21 21:00:00,3408.7
2025-11-25 22:00:00,3134.4
2025-07-04 04:00:00,2106.1
2025-04-30 20:00:00,3840.3
2025-07-07 14:00:00,3025.0
2025-02-05 07:00:00,2199.0
2025-10-28 04:00:00,2080.3
2025-12-21 19:00:00,3412.1
2025-02-01 12:00:00,2549.8
2025-09-10 03:00:00,2157.1
2025-07-26 17:00:00,2930.4
2025-04-15 20:00:00,3661.1
2025-12-19 23:00:00,2741.8
2025-03-27 21:00:00,3457.0
2025-01-23 21:00:00,3085.9
2025-07-04 07:00:00,2528.7
2025-10-29 02:00:00,2269.1
2025-12-01 03:00:00,2093.2
2025-09-06 01:00:00,2254.3
2025-08-09 02:00:00,2172.0
2025-02-22 11:00:00,2561.6
2025-10-26 22:00:00,3031.3
2025-08-22 06:00:00,2239.8
2025-12-09 01:00:00,2162.7
2025-02-12 16:00:00,2932.4
2025-02-01 08:00:00,2297.4
2025-04-05 20:00:00,3695.9
2025-05-07 21:00:00,3564.0
2025-06-13 22:00:00,3281.6
2025-05-27 20:00:00,3792.0
2025-01-15 15:00:00,2906.3
2025-03-04 23:00:00,2774.0
2025-05-19 00:00:00,2484.4
2025-06-12 04:00:00,2251.4
2025-04-01 04:00:00,2196.3
2025-01-30 05:00:00,1745.7
2025-07-12 23:00:00,2719.8
2025-01-24 09:00:00,2641.2
2025-09-12 16:00:00,3071.0
2025-10-04 17:00:00,2943.8
2025-09-13 08:00:00,2428.0
2025-08-26 17:00:00,3088.0
2025-04-09 06:00:00,2471.4
2025-02-13 15:00:00,3024.8
2025-11-26 02:00:00,2138.3
2025-01-18 06:00:00,1910.4
2025-08-03 08:00:00,2506.7
2025-06-29 02:00:00,2170.7
2025-06-22 19:00:00,3557.5
2025-05-07 03:00:00,2351.7
2025-11-06 01:00:00,2208.6
2025-09-27 18:00:00,3415.6
2025-07-11 19:00:00,3516.0
2025-11-26 11:00:00,2923.3
2025-11-15 06:00:00,2008.4
2025-03-07 23:00:00,2752.7
2025-02-28 20:00:00,3488.4
2025-12-21 05:00:00,2103.9
2025-10-30 02:00:00,2179.5
2025-09-01 11:00:00,2971.3
2025-03-04 19:00:00,3559.7
2025-10-16 08:00:00,2592.9
2025-11-21 12:00:00,2853.2
2025-02-25 01:00:00,1992.2
2025-02-05 02:00:00,2046.6
2025-02-17 18:00:00,3155.5
2025-12-09 19:00:00,3473.5
2025-12-30 00:00:00,2294.8
2025-01-20 07:00:00,2214.6
2025-09-03 16:00:00,3085.3
2025-04-05 17:00:00,3010.0
2025-12-11 21:00:00,3422.6
2025-12-15 10:00:00,2990.3
2025-05-29 22:00:00,3308.2
2025-01-16 18:00:00,3008.1
2025-10-02 16:00:00,3098.9
2025-02-25 15:00:00,3006.8
2025-02-20 23:00:00,2639.7
2025-09-16 08:00:00,2673.5
2025-04-26 11:00:00,3009.9
2025-09-24 04:00:00,2005.2
2025-06-20 00:00:00,2463.1
2025-03-17 11:00:00,2970.6
2025-06-11 22:00:00,3293.0
2025-05-05 08:00:00,2779.4
2025-03-20 22:00:00,3134.3
2025-07-31 10:00:00,3086.0
2025-08-28 05:00:00,2084.5
2025-04-04 20:00:00,3690.9
2025-07-07 17:00:00,3078.7
2025-08-28 17:00:00,3144.9
2025-07-08 22:00:00,3005.5
2025-02-19 13:00:00,2616.9
2025-04-06 07:00:00,2578.8
2025-02-07 10:00:00,2898.5
2025-05-11 13:00:00,3031.5
2025-07-06 22:00:00,3139.8
2025-09-01 09:00:00,2861.5
2025-08-06 07:00:00,2464.2
2025-10-24 18:00:00,3191.7
2025-07-03 19:00:00,3482.9
2025-02-12 22:00:00,2853.9
2025-05-08 15:00:00,3317.7
2025-07-15 21:00:00,3650.0
2025-08-08 07:00:00,2491.3
2025-03-15 03:00:00,2072.5
2025-04-12 15:00:00,2943.0
2025-01-10 15:00:00,2886.7
2025-08-31 16:00:00,3012.6
2025-08-25 22:00:00,3246.6
2025-07-24 09:00:00,2888.5
2025-05-12 21:00:00,3756.6
2025-08-23 01:00:00,2292.7
2025-03-05 03:00:00,2117.8
2025-01-10 00:00:00,2134.0
2025-10-21 23:00:00,2890.4
2025-12-13 06:00:00,2172.2
2025-05-02 17:00:00,3311.5
2025-02-07 05:00:00,1933.2
2025-12-17 19:00:00,3395.2
2025-03-19 02:00:00,2098.4
2025-09-12 18:00:00,3289.8
2025-05-26 00:00:00,2557.7
2025-01-14 12:00:00,2725.6
2025-02-20 15:00:00,3011.1
2025-08-08 09:00:00,2886.8
2025-12-29 08:00:00,2532.5
2025-02-17 01:00:00,2092.5
2025-05-11 19:00:00,3514.4
2025-04-04 19:00:00,3478.7
2025-06-02 14:00:00,3089.4
2025-01-09 16:00:00,2863.7
2025-04-03 19:00:00,3583.6
2025-02-03 06:00:00,2005.5
2025-11-20 04:00:00,1941.2
2025-01-31 14:00:00,2868.6
2025-07-04 18:00:00,3383.1
2025-02-18 22:00:00,2996.1
2025-08-07 18:00:00,3261.1
2025-07-05 21:00:00,3423.0
2025-07-29 02:00:00,2325.6
2025-10-25 11:00:00,2715.7
2025-04-19 19:00:00,3526.9
2025-11-14 19:00:00,3454.1
2025-06-12 22:00:00,3290.6
2025-01-09 06:00:00,1955.1
2025-07-01 08:00:00,2723.8
2025-02-15 17:00:00,2721.4
2025-01-23 20:00:00,3236.0
2025-04-22 16:00:00,3224.3
2025-07-11 09:00:00,2945.9
2025-07-14 12:00:00,3175.5
2025-12-16 19:00:00,3546.5
2025-07-31 22:00:00,3195.9
2025-08-08 13:00:00,2977.1
2025-12-09 16:00:00,2992.8
2025-07-30 04:00:00,2091.7
2025-12-31 20:00:00,3558.4
2025-09-08 05:00:00,2146.5
2025-01-26 16:00:00,2604.9
2025-11-21 19:00:00,3492.2
2025-02-09 01:00:00,2056.2
2025-01-26 22:00:00,2880.1
2025-09-23 20:00:00,3702.4
2025-11-25 01:00:00,2196.7
2025-04-27 18:00:00,3362.6
2025-05-07 23:00:00,2907.9
2025-04-20 12:00:00,2878.2
2025-05-26 17:00:00,3355.9
2025-07-09 03:00:00,2026.1
2025-05-09 05:00:00,2386.3
2025-04-02 17:00:00,3227.3
2025-11-25 08:00:00,2538.5
2025-10-15 02:00:00,2304.8
2025-12-20 16:00:00,2845.0
2025-07-29 12:00:00,3078.4
2025-08-10 05:00:00,2202.9
2025-01-20 22:00:00,2963.9
2025-02-26 08:00:00,2438.2
2025-04-18 09:00:00,3030.3
2025-12-06 23:00:00,2777.7
2025-10-06 04:00:00,2139.8
2025-04-14 23:00:00,2980.1
2025-06-12 21:00:00,3625.2
2025-02-13 01:00:00,2144.9
2025-06-08 02:00:00,2314.5
2025-10-28 22:00:00,3106.2
2025-05-07 02:00:00,2358.0
2025-05-27 16:00:00,3272.6
2025-11-29 17:00:00,2895.4
2025-06-28 01:00:00,2350.3
2025-05-03 04:00:00,2185.7
2025-11-21 20:00:00,3457.9
2025-03-01 09:00:00,2646.8
2025-10-07 12:00:00,2945.1
2025-03-19 23:00:00,2810.0
2025-05-28 16:00:00,3268.9
2025-12-17 04:00:00,2036.3
2025-08-01 23:00:00,2746.6
2025-01-22 23:00:00,2591.7
2025-11-10 22:00:00,3140.4
2025-10-18 01:00:00,2243.1
2025-05-02 14:00:00,3088.8
2025-01-10 04:00:00,1769.8
2025-11-26 08:00:00,2581.1
2025-11-27 08:00:00,2604.0
2025-08-31 00:00:00,2391.6
2025-05-24 22:00:00,3341.6
2025-11-20 20:00:00,3491.4
2025-11-10 16:00:00,3188.2
2025-07-15 11:00:00,3048.4
2025-09-05 17:00:00,3072.8
2025-08-13 02:00:00,2229.2
2025-07-12 17:00:00,2983.4
2025-04-21 10:00:00,3078.2
2025-07-25 12:00:00,3073.6
2025-06-04 11:00:00,2964.9
2025-09-21 17:00:00,2908.6
2025-03-06 18:00:00,3202.1
2025-11-19 11:00:00,2939.6
2025-12-31 04:00:00,2059.3
2025-07-03 13:00:00,3004.5
2025-05-28 12:00:00,3122.3
2025-11-01 05:00:00,1995.8
2025-03-11 21:00:00,3434.2
2025-06-22 06:00:00,2405.7
2025-11-10 19:00:00,3399.7
2025-11-22 21:00:00,3319.2
2025-12-30 10:00:00,2932.9
2025-01-13 08:00:00,2343.9
2025-10-29 05:00:00,2080.9
2025-01-03 09:00:00,2560.6
2025-08-19 12:00:00,2930.1
2025-04-24 06:00:00,2391.9
2025-12-16 07:00:00,2466.5
2025-10-12 13:00:00,2853.0
2025-09-27 07:00:00,2416.1
2025-04-07 17:00:00,3322.9
2025-11-24 19:00:00,3459.3
2025-08-08 03:00:00,2194.0
2025-09-30 19:00:00,3591.5
2025-12-22 10:00:00,2825.4
2025-01-28 00:00:00,2194.1
2025-02-27 02:00:00,2030.0
2025-10-06 20:00:00,3606.9
2025-05-12 10:00:00,3254.9
2025-11-16 06:00:00,2234.8
2025-01-29 09:00:00,2677.0
2025-01-19 02:00:00,1975.3
2025-11-26 12:00:00,2812.1
2025-05-18 17:00:00,3137.5
2025-03-04 01:00:00,2148.7
2025-02-03 20:00:00,3444.4
2025-03-20 10:00:00,2945.5
2025-07-18 17:00:00,3171.7
2025-08-22 23:00:00,2863.1
2025-03-22 20:00:00,3735.2
2025-12-06 03:00:00,2209.0
2025-10-25 15:00:00,2898.9
2025-05-31 15:00:00,3169.6
2025-02-19 05:00:00,1894.5
2025-02-27 07:00:00,2264.0
2025-09-30 08:00:00,2728.5
2025-05-03 16:00:00,3118.8
2025-01-27 02:00:00,1940.5
2025-10-08 00:00:00,2359.8
2025-03-11 13:00:00,2995.7
2025-03-30 00:00:00,2417.1
2025-08-11 23:00:00,2880.8
2025-04-08 05:00:00,2165.0
2025-08-26 13:00:00,2932.9
2025-01-04 12:00:00,2505.3
2025-09-30 10:00:00,3106.0
2025-09-29 14:00:00,3004.4
2025-04-06 03:00:00,2232.6
2025-11-13 00:00:00,2370.4
2025-04-29 01:00:00,2480.7
2025-01-18 10:00:00,2591.6
2025-08-29 06:00:00,2284.6
2025-06-03 08:00:00,2728.3
2025-01-13 05:00:00,1841.2
2025-12-11 19:00:00,3376.3
2025-03-04 18:00:00,3137.2
2025-11-15 00:00:00,2233.5
2025-10-23 17:00:00,3193.9
2025-03-10 02:00:00,2156.2
2025-05-29 18:00:00,3407.1
2025-06-15 09:00:00,2921.1
2025-05-02 18:00:00,3357.2
2025-03-07 03:00:00,2085.8
2025-10-20 15:00:00,3097.5
2025-11-12 07:00:00,2395.1
2025-03-24 11:00:00,3110.8
2025-03-20 11:00:00,3003.4
2025-01-19 06:00:00,1979.2
2025-05-08 10:00:00,3135.8
2025-08-17 16:00:00,2809.4
2025-09-07 07:00:00,2419.3
2025-11-04 01:00:00,2210.1
2025-04-06 00:00:00,2422.0
2025-06-19 00:00:00,2505.4
2025-07-27 02:00:00,2324.8
2025-01-16 13:00:00,2592.9
2025-09-18 08:00:00,2594.9
2025-07-04 05:00:00,2215.7
2025-08-01 08:00:00,2615.7
2025-11-08 13:00:00,2634.0
2025-05-01 14:00:00,3150.7
2025-03-16 08:00:00,2400.6
2025-11-13 07:00:00,2323.8
2025-05-07 14:00:00,3246.2
2025-05-29 06:00:00,2431.1
2025-10-30 23:00:00,2769.5
2025-04-12 17:00:00,3077.4
2025-07-12 06:00:00,2267.8
2025-07-08 04:00:00,1920.7
2025-05-21 18:00:00,3427.3
2025-10-23 08:00:00,2685.9
2025-06-09 17:00:00,3195.1
2025-11-29 08:00:00,2347.2
2025-11-06 18:00:00,3121.9
2025-07-29 05:00:00,2190.2
2025-03-06 05:00:00,2052.0
2025-12-01 20:00:00,3562.6
2025-01-14 10:00:00,2726.0
2025-03-26 15:00:00,3177.4
2025-09-03 20:00:00,3767.8
2025-05-13 13:00:00,3020.5
2025-10-26 21:00:00,3421.1
2025-07-30 09:00:00,2924.0
2025-11-23 12:00:00,2714.0
2025-04-02 00:00:00,2545.9
2025-01-05 14:00:00,2602.7
2025-09-13 10:00:00,2958.9
2025-08-03 21:00:00,3456.8
2025-02-14 23:00:00,2478.0
2025-04-03 18:00:00,3452.7
2025-04-18 12:00:00,3032.3
2025-11-22 07:00:00,2456.1
2025-08-06 11:00:00,2985.2
2025-06-14 09:00:00,2750.4
2025-02-18 12:00:00,2793.6
2025-04-16 11:00:00,2748.1
2025-03-02 10:00:00,2900.1
2025-10-23 00:00:00,2285.2
2025-09-15 01:00:00,2345.9
2025-08-27 18:00:00,3221.7
2025-08-08 10:00:00,3064.7
2025-07-11 18:00:00,3345.8
2025-05-22 16:00:00,3265.4
2025-09-15 23:00:00,2888.7
2025-07-18 13:00:00,3048.8
2025-12-24 07:00:00,2311.4
2025-11-14 08:00:00,2556.3
2025-07-23 14:00:00,3153.7
2025-11-15 13:00:00,2719.7
2025-10-13 00:00:00,2357.6
2025-03-05 02:00:00,2195.9
2025-04-07 09:00:00,3031.0
2025-11-23 10:00:00,2808.6
2025-03-02 11:00:00,2819.8
2025-03-26 04:00:00,2135.5
2025-10-01 02:00:00,2203.7
2025-07-02 09:00:00,2888.8
2025-06-02 20:00:00,3716.0
2025-08-29 18:00:00,3364.2
2025-02-04 22:00:00,2892.6
2025-12-28 22:00:00,3054.6
2025-04-09 22:00:00,3182.6
2025-05-07 11:00:00,3066.4
2025-04-19 11:00:00,2858.8
2025-10-09 11:00:00,3146.1
2025-05-05 12:00:00,2999.3
2025-10-30 08:00:00,2626.0
2025-10-19 17:00:00,2795.2
2025-01-19 18:00:00,2949.8
2025-06-26 04:00:00,2102.1
2025-03-13 10:00:00,2984.9
2025-05-05 11:00:00,3058.3
2025-11-06 13:00:00,2802.0
2025-01-15 03:00:00,1820.5
2025-10-08 06:00:00,2218.5
2025-09-16 12:00:00,2958.7
2025-11-25 14:00:00,2975.9
2025-03-01 03:00:00,2092.2
2025-01-02 10:00:00,2706.4
2025-10-20 05:00:00,2198.3
2025-08-12 02:00:00,2177.3
2025-11-27 06:00:00,2262.8
2025-05-01 04:00:00,2229.9
2025-02-28 18:00:00,3126.8
2025-10-03 22:00:00,3102.5
2025-04-01 10:00:00,3126.8
2025-11-29 04:00:00,2099.8
2025-02-07 01:00:00,1996.2
2025-12-09 14:00:00,2989.8
2025-11-24 04:00:00,2075.3
2025-08-22 01:00:00,2356.3
2025-04-04 12:00:00,3026.3
2025-06-06 17:00:00,3362.2
2025-12-12 00:00:00,2358.1
2025-08-14 11:00:00,2945.0
2025-01-19 00:00:00,2226.8
2025-06-23 10:00:00,3136.7
2025-06-07 13:00:00,2837.5
2025-11-19 22:00:00,3247.7
2025-12-02 04:00:00,2068.2
2025-10-20 07:00:00,2558.2
2025-04-22 20:00:00,3760.4
2025-03-20 14:00:00,2955.1
2025-06-07 05:00:00,2177.9
2025-03-16 10:00:00,2779.9
2025-11-13 15:00:00,3161.5
2025-07-16 19:00:00,3569.5
2025-04-01 21:00:00,3535.9
2025-06-20 14:00:00,3051.2
2025-05-23 20:00:00,3789.7
2025-03-28 05:00:00,2147.6
2025-11-13 21:00:00,3396.1
2025-11-14 06:00:00,2255.9
2025-02-06 16:00:00,2920.5
2025-05-27 15:00:00,3378.3
2025-05-25 08:00:00,2718.0
2025-06-27 03:00:00,2183.8
2025-09-22 07:00:00,2457.7
2025-06-30 22:00:00,3351.2
2025-07-28 16:00:00,3153.9
2025-09-27 23:00:00,2907.1
2025-04-18 18:00:00,3391.7
2025-12-27 07:00:00,2398.2
2025-03-13 02:00:00,2055.5
2025-02-18 06:00:00,2081.9
2025-04-07 02:00:00,2380.7
2025-10-12 01:00:00,2348.6
2025-10-31 15:00:00,3212.1
2025-09-01 17:00:00,3050.6
2025-08-17 02:00:00,2140.3
2025-09-05 18:00:00,3220.4
2025-12-05 11:00:00,2881.3
2025-09-16 00:00:00,2341.0
2025-07-08 07:00:00,2423.1
2025-06-30 08:00:00,2713.1
2025-10-20 23:00:00,2847.6
2025-03-16 06:00:00,2197.1
2025-08-05 01:00:00,2356.2
2025-05-15 15:00:00,3120.9
2025-11-18 18:00:00,3279.4
2025-02-07 16:00:00,2860.2
2025-12-19 19:00:00,3354.7
2025-06-05 03:00:00,2240.0
2025-10-19 00:00:00,2361.1
2025-07-11 20:00:00,3795.3
2025-03-28 16:00:00,3102.8
2025-03-07 05:00:00,2080.8
2025-10-26 17:00:00,2875.9
2025-07-23 18:00:00,3296.3
2025-08-12 13:00:00,2946.3
2025-05-24 06:00:00,2530.3
2025-08-26 01:00:00,2370.1
2025-07-25 04:00:00,2118.1
2025-02-16 09:00:00,2488.2
2025-10-31 00:00:00,2379.7
2025-08-27 17:00:00,3049.0
2025-08-06 02:00:00,2217.9
2025-07-28 01:00:00,2279.5
2025-08-25 04:00:00,2150.1
2025-10-12 19:00:00,3435.0
2025-01-11 14:00:00,2589.5
2025-07-13 07:00:00,2461.5
2025-05-06 03:00:00,2286.0
2025-09-25 15:00:00,3061.8
2025-08-14 03:00:00,2032.2
2025-08-13 15:00:00,3177.3
2025-05-17 01:00:00,2404.1
2025-08-18 21:00:00,3510.7
2025-10-29 20:00:00,3576.8
2025-04-21 11:00:00,3084.9
2025-01-13 15:00:00,2854.8
2025-07-18 14:00:00,3158.2
2025-09-19 04:00:00,2119.0
2025-07-25 18:00:00,3198.5
2025-08-27 02:00:00,2075.5
2025-03-01 20:00:00,3477.8
2025-04-24 03:00:00,2377.5
2025-09-12 05:00:00,2145.0
2025-01-16 16:00:00,2858.0
2025-03-19 21:00:00,3343.6
2025-09-25 06:00:00,2207.7
2025-04-28 08:00:00,2771.8
2025-11-26 15:00:00,3132.1
2025-03-11 02:00:00,2179.2
2025-02-01 11:00:00,2692.4
2025-06-06 09:00:00,3020.9
2025-06-22 20:00:00,3696.1
2025-06-14 03:00:00,2114.6
2025-01-13 02:00:00,1948.1
2025-06-11 16:00:00,3277.1
2025-12-01 19:00:00,3399.4
2025-08-02 09:00:00,2648.2
2025-03-30 06:00:00,2275.1
2025-07-16 03:00:00,2229.1
2025-12-18 23:00:00,2678.0
2025-01-21 21:00:00,3170.9
2025-12-29 21:00:00,3272.2
2025-11-02 18:00:00,3083.0
2025-05-27 14:00:00,3233.5
2025-03-06 03:00:00,2062.5
2025-07-15 18:00:00,3261.8
2025-02-20 11:00:00,2743.3
2025-10-26 10:00:00,2834.4
2025-11-21 06:00:00,2128.9
2025-01-29 00:00:00,2101.1
2025-09-11 15:00:00,3185.3
2025-07-24 10:00:00,2980.1
2025-12-05 15:00:00,3067.8
2025-12-26 19:00:00,3363.3
2025-07-23 13:00:00,3046.7
2025-10-29 12:00:00,2904.8
2025-03-03 00:00:00,2428.5
2025-06-05 00:00:00,2507.5
2025-10-31 02:00:00,2206.5
2025-02-19 16:00:00,2870.0
2025-04-23 09:00:00,3108.2
2025-04-05 08:00:00,2532.8
2025-01-18 13:00:00,2452.5
2025-01-22 01:00:00,2110.5
2025-09-15 14:00:00,3010.5
2025-03-07 22:00:00,3094.9
2025-01-22 02:00:00,1946.4
2025-04-11 05:00:00,2205.8
2025-08-02 13:00:00,2735.3
2025-04-26 17:00:00,3053.5
2025-01-26 21:00:00,3182.8
2025-03-30 14:00:00,2824.4
2025-05-06 19:00:00,3633.7
2025-10-31 13:00:00,2963.9
2025-05-22 11:00:00,3113.4
2025-07-08 10:00:00,3017.0
2025-10-19 06:00:00,2152.4
2025-01-15 11:00:00,2694.5
2025-12-08 07:00:00,2360.1
2025-08-14 04:00:00,2131.4
2025-06-01 15:00:00,3014.9
2025-12-05 01:00:00,2059.1
2025-10-26 05:00:00,2116.7
2025-12-19 09:00:00,2760.9
2025-01-14 00:00:00,2031.7
2025-07-03 01:00:00,2333.7
2025-02-01 02:00:00,2035.8
2025-07-10 02:00:00,2382.7
2025-04-14 04:00:00,2151.3
2025-03-26 08:00:00,2667.3
2025-06-09 11:00:00,3112.0
2025-04-18 02:00:00,2358.0
2025-12-28 08:00:00,2420.0
2025-06-16 10:00:00,3128.9
2025-10-08 19:00:00,3560.2
2025-08-02 19:00:00,3384.0
2025-07-03 09:00:00,2910.1
2025-06-11 08:00:00,2793.0
2025-01-11 19:00:00,3140.2
2025-04-01 03:00:00,2253.6
2025-11-24 14:00:00,2870.7
2025-01-16 20:00:00,3288.8
2025-07-14 00:00:00,2498.8
2025-12-18 22:00:00,3069.6
2025-03-21 16:00:00,3144.6
2025-05-04 11:00:00,
2025-01-25 23:00:00,2485.1
2025-01-02 21:00:00,3217.7
2025-03-02 04:00:00,2089.5
2025-03-10 20:00:00,3513.4
2025-11-09 12:00:00,2711.2
2025-03-20 21:00:00,3374.3
2025-06-11 20:00:00,3718.7
2025-04-11 06:00:00,2361.9
2025-10-28 23:00:00,2812.5
2025-12-23 11:00:00,2956.5
2025-05-04 16:00:00,3132.6
2025-03-23 22:00:00,3109.5
2025-05-26 18:00:00,3550.6
2025-10-06 17:00:00,3204.2
2025-05-28 06:00:00,2466.8
2025-06-23 07:00:00,2526.8
2025-03-08 16:00:00,2822.3
2025-08-26 14:00:00,3118.3
2025-06-18 23:00:00,3002.6
2025-06-28 23:00:00,2882.0
2025-12-12 23:00:00,2712.5
2025-06-08 07:00:00,2516.1
2025-05-06 16:00:00,3300.8
2025-01-18 18:00:00,2833.6
2025-01-18 02:00:00,1917.5
2025-11-20 05:00:00,1974.3
2025-09-28 11:00:00,3053.1
2025-09-30 14:00:00,3092.6
2025-06-07 03:00:00,2229.5
2025-08-01 14:00:00,3068.9
2025-11-12 02:00:00,2257.3
2025-11-03 16:00:00,3055.2
2025-01-09 18:00:00,3120.2
2025-04-14 15:00:00,2869.4
2025-08-31 18:00:00,3276.3
2025-05-21 19:00:00,3630.7
2025-08-19 18:00:00,3220.0
2025-06-15 13:00:00,2807.0
2025-02-13 17:00:00,3031.0
2025-06-19 04:00:00,2258.5
2025-11-18 12:00:00,2880.4
2025-07-11 00:00:00,2461.1
2025-06-09 21:00:00,3538.5
2025-03-24 04:00:00,2122.8
2025-12-20 07:00:00,2282.6
2025-03-29 11:00:00,2784.4
2025-03-04 11:00:00,3079.0
2025-02-16 05:00:00,1942.8
2025-09-12 11:00:00,2988.1
2025-07-09 10:00:00,2963.2
2025-01-28 04:00:00,1850.6
2025-05-10 09:00:00,2916.1
2025-11-25 05:00:00,2028.1
2025-03-16 19:00:00,3338.6
2025-03-12 22:00:00,3133.6
2025-05-28 22:00:00,3367.4
2025-12-08 05:00:00,1953.0
2025-06-12 10:00:00,3090.4
2025-03-04 10:00:00,2989.8
2025-05-12 20:00:00,3724.0
2025-08-10 21:00:00,3509.8
2025-04-01 18:00:00,3407.5
2025-12-27 22:00:00,3065.7
2025-11-04 19:00:00,3353.2
2025-07-15 14:00:00,3108.5
2025-06-16 00:00:00,2449.0
2025-01-30 09:00:00,2637.1
2025-03-20 00:00:00,2352.2
2025-06-07 04:00:00,2138.7
2025-06-09 01:00:00,2406.4
2025-10-26 02:00:00,2117.9
2025-08-25 06:00:00,2150.9
2025-12-08 17:00:00,3046.8
2025-08-08 21:00:00,3466.0
2025-09-04 22:00:00,3140.0
2025-08-24 20:00:00,3596.4
2025-07-21 08:00:00,2641.3
2025-09-27 06:00:00,2295.0
2025-01-24 13:00:00,2703.3
2025-09-29 15:00:00,3221.6
2025-09-08 23:00:00,2858.6
2025-05-02 03:00:00,2376.2
2025-01-27 16:00:00,2794.3
2025-05-16 06:00:00,2487.0
2025-06-28 08:00:00,2512.6
2025-08-23 04:00:00,2133.6
2025-08-28 12:00:00,2842.8
2025-03-23 20:00:00,3400.4
2025-09-14 12:00:00,2717.2
2025-06-07 16:00:00,3038.2
2025-01-14 13:00:00,2587.7
2025-09-07 19:00:00,3367.1
2025-04-08 10:00:00,3043.9
2025-05-08 05:00:00,2272.8
2025-06-02 12:00:00,3031.5
2025-05-12 07:00:00,2688.9
2025-04-04 05:00:00,2229.4
2025-10-19 19:00:00,3443.7
2025-07-02 00:00:00,2434.7
2025-07-31 12:00:00,2966.0
2025-12-19 17:00:00,3070.5
2025-05-22 12:00:00,3129.4
2025-09-13 00:00:00,2460.8
2025-02-06 00:00:00,2231.2
2025-10-13 05:00:00,1983.2
2025-11-24 05:00:00,2099.5
2025-09-17 16:00:00,3131.6
2025-07-08 00:00:00,2238.9
2025-11-25 06:00:00,2108.2
2025-01-16 11:00:00,2561.9
2025-06-26 23:00:00,2886.1
2025-07-02 07:00:00,2367.7
2025-07-27 21:00:00,3552.4
2025-04-16 22:00:00,3073.9
2025-11-02 03:00:00,2067.9
2025-07-07 15:00:00,3149.0
2025-10-02 00:00:00,2409.9
2025-10-10 21:00:00,3415.2
2025-12-24 01:00:00,2148.6
2025-04-09 12:00:00,3138.3
2025-02-26 16:00:00,2871.4
2025-02-07 23:00:00,2550.9
2025-10-30 16:00:00,3078.6
2025-11-06 11:00:00,2873.3
2025-07-27 16:00:00,2942.4
2025-09-21 10:00:00,2819.4
2025-08-09 05:00:00,2177.0
2025-06-14 01:00:00,2324.9
2025-02-10 04:00:00,1972.6
2025-09-23 13:00:00,2939.9
2025-03-01 07:00:00,2387.7
2025-01-06 02:00:00,2010.1
2025-01-20 23:00:00,2568.5
2025-01-28 14:00:00,2841.6
2025-06-11 15:00:00,3319.3
2025-05-19 10:00:00,3317.1
2025-05-02 09:00:00,3056.2
2025-09-10 08:00:00,2707.6
2025-04-29 03:00:00,2286.6
2025-01-19 07:00:00,2121.6
2025-02-27 11:00:00,2855.9
2025-12-02 17:00:00,3162.9
2025-06-25 16:00:00,3249.5
2025-03-02 03:00:00,2226.3
2025-11-10 02:00:00,2142.6
2025-09-19 10:00:00,3039.3
2025-03-03 13:00:00,2779.0
2025-11-22 19:00:00,3463.0
2025-02-18 21:00:00,3287.2
2025-12-28 15:00:00,2943.4
2025-08-25 00:00:00,2387.1
2025-05-12 05:00:00,2299.2
2025-08-17 19:00:00,3389.3
2025-07-22 16:00:00,3120.2
2025-06-21 17:00:00,2946.2
2025-04-22 05:00:00,2260.7
2025-01-12 15:00:00,2644.6
2025-05-23 16:00:00,3159.4
2025-08-03 10:00:00,2918.1
2025-08-06 16:00:00,3032.1
2025-04-18 03:00:00,2379.7
2025-09-17 05:00:00,2221.9
2025-02-15 21:00:00,3120.9
2025-01-24 16:00:00,2820.6
2025-03-12 14:00:00,2985.8
2025-11-24 00:00:00,2275.6
2025-10-13 18:00:00,3276.3
2025-10-12 06:00:00,2231.8
2025-12-08 02:00:00,2083.9
2025-08-08 16:00:00,3180.4
2025-01-25 01:00:00,2005.5
2025-01-03 11:00:00,2692.5
2025-02-02 19:00:00,3235.2
2025-09-26 08:00:00,2773.5
2025-06-18 19:00:00,3574.1
2025-05-12 06:00:00,2432.8
2025-09-05 09:00:00,2780.1
2025-07-28 03:00:00,2039.2
2025-05-05 23:00:00,2963.7
2025-10-20 20:00:00,3637.8
2025-05-09 19:00:00,3705.6
2025-06-05 22:00:00,3388.6
2025-09-13 05:00:00,2057.4
2025-05-20 10:00:00,3206.3
2025-01-14 23:00:00,2501.8
2025-10-11 05:00:00,2096.2
2025-10-05 15:00:00,2974.8
2025-10-19 22:00:00,3121.5
2025-07-15 06:00:00,2375.6
2025-11-24 20:00:00,3541.7
2025-01-08 16:00:00,2824.1
2025-09-22 16:00:00,2992.2
2025-05-19 22:00:00,3371.9
2025-01-18 12:00:00,2400.6
2025-04-08 22:00:00,3335.2
2025-01-24 01:00:00,1971.1
2025-02-28 05:00:00,1944.7
2025-02-27 16:00:00,2993.9
2025-08-20 14:00:00,3150.0
2025-11-21 02:00:00,2147.9
2025-03-15 08:00:00,2416.1
2025-05-11 22:00:00,3333.3
2025-01-13 09:00:00,2641.3
2025-01-19 11:00:00,2591.8
2025-02-02 09:00:00,2599.4
2025-02-16 15:00:00,2896.6
2025-08-19 01:00:00,2363.3
2025-07-19 05:00:00,2133.6
2025-10-14 11:00:00,3174.5
2025-03-22 01:00:00,2320.5
2025-01-28 07:00:00,2173.1
2025-04-03 21:00:00,3632.0
2025-04-16 17:00:00,2884.9
2025-06-16 13:00:00,2993.6
2025-09-25 17:00:00,3194.1
2025-04-16 20:00:00,3610.3
2025-11-13 10:00:00,2949.4
2025-07-25 05:00:00,2139.5
2025-04-13 09:00:00,2838.8
2025-04-18 10:00:00,3173.7
2025-10-27 13:00:00,2951.3
2025-05-09 20:00:00,3766.5
2025-11-06 17:00:00,3050.5
2025-04-25 22:00:00,3312.6
2025-09-17 23:00:00,2735.6
2025-05-01 02:00:00,2361.6
2025-01-24 06:00:00,2048.6
2025-11-22 08:00:00,2442.8
2025-02-27 03:00:00,1958.6
2025-09-05 01:00:00,2329.4
2025-02-07 19:00:00,3200.1
2025-07-09 17:00:00,3077.3
2025-03-01 17:00:00,2890.7
2025-12-15 23:00:00,2832.7
2025-08-02 08:00:00,2408.3
2025-05-27 18:00:00,3425.4
2025-10-16 11:00:00,2993.9
2025-08-07 12:00:00,2968.5
2025-02-08 14:00:00,2525.0
2025-07-15 20:00:00,3704.3
2025-04-13 22:00:00,3203.6
2025-01-01 15:00:00,2977.0
2025-01-06 23:00:00,2496.0
2025-10-17 15:00:00,3192.1
2025-04-09 11:00:00,3071.1
2025-07-27 22:00:00,3177.3
2025-10-04 00:00:00,2340.9
2025-02-18 09:00:00,2807.6
2025-07-06 14:00:00,2768.4
2025-05-06 00:00:00,2533.7
2025-12-02 09:00:00,2770.4
2025-10-20 00:00:00,2358.7
2025-10-12 05:00:00,2082.6
2025-05-01 17:00:00,3184.1
2025-02-26 18:00:00,3008.8
2025-05-14 10:00:00,3275.9
2025-02-20 12:00:00,2790.7
2025-03-20 04:00:00,2229.0
2025-10-05 02:00:00,2157.4
2025-05-14 17:00:00,3432.2
2025-06-18 22:00:00,3280.4
2025-10-28 14:00:00,2936.0
2025-07-15 13:00:00,3004.4
2025-12-27 04:00:00,2042.9
2025-02-18 18:00:00,3102.6
2025-01-25 03:00:00,1841.2
2025-04-01 22:00:00,3281.9
2025-09-19 06:00:00,2258.0
2025-05-03 17:00:00,3039.5
2025-05-30 17:00:00,3410.0
2025-03-18 09:00:00,2858.2
2025-09-23 17:00:00,3186.0
2025-06-11 21:00:00,3583.5
2025-03-19 11:00:00,2973.6
2025-07-15 10:00:00,3096.8
2025-09-18 18:00:00,3231.7
2025-04-22 21:00:00,3626.8
2025-08-21 22:00:00,3153.4
2025-09-21 16:00:00,2915.3
2025-12-02 11:00:00,2881.3
2025-01-17 03:00:00,1751.5
2025-11-10 06:00:00,2111.1
2025-02-13 00:00:00,2307.5
2025-09-07 18:00:00,3179.9
2025-04-14 16:00:00,2844.8
2025-12-19 03:00:00,2006.1
2025-04-20 13:00:00,2930.9
2025-10-24 09:00:00,2757.4
2025-07-25 09:00:00,2973.4
2025-08-08 18:00:00,3251.6
2025-02-08 19:00:00,3263.1
2025-05-26 01:00:00,2388.2
2025-01-29 19:00:00,3359.9
2025-06-17 02:00:00,2330.7
2025-03-20 19:00:00,3437.8
2025-04-05 12:00:00,2851.5
2025-08-01 02:00:00,2277.5
2025-11-04 16:00:00,2909.6
2025-06-26 09:00:00,2809.6
2025-11-04 05:00:00,2012.9
2025-12-25 22:00:00,3076.5
2025-11-23 17:00:00,2862.2
2025-01-02 20:00:00,3216.8
2025-06-14 14:00:00,2880.1
2025-05-06 06:00:00,2387.1
2025-12-07 20:00:00,3455.4
2025-02-19 11:00:00,2668.3
2025-08-29 14:00:00,2982.7
2025-06-17 14:00:00,3104.3
2025-09-10 06:00:00,2211.0
2025-03-12 03:00:00,2120.5
2025-10-16 21:00:00,3364.4
2025-10-02 15:00:00,3175.4
2025-10-02 04:00:00,2029.9
2025-01-03 15:00:00,2842.8
2025-01-26 17:00:00,2704.6
2025-11-16 15:00:00,2979.4
2025-09-09 10:00:00,3033.3
2025-01-10 11:00:00,2769.2
2025-09-29 03:00:00,2177.5
2025-10-01 08:00:00,2549.8
2025-08-31 20:00:00,3557.8
2025-09-22 00:00:00,2328.8
2025-07-16 13:00:00,3026.4
2025-02-10 09:00:00,2635.7
2025-03-17 05:00:00,2018.5
2025-04-12 23:00:00,2900.1
2025-06-08 14:00:00,2851.3
2025-06-23 09:00:00,2917.4
2025-08-02 00:00:00,2393.8
2025-10-03 02:00:00,2230.8
2025-06-29 08:00:00,2449.2
2025-04-29 19:00:00,3643.2
2025-08-23 17:00:00,2830.4
2025-06-09 10:00:00,3122.1
2025-03-19 12:00:00,2794.1
2025-10-17 16:00:00,3134.4
2025-09-06 08:00:00,2482.7
2025-10-25 20:00:00,3501.1
2025-06-07 09:00:00,2734.7
2025-01-11 12:00:00,2340.6
2025-12-21 21:00:00,3338.6
2025-11-17 11:00:00,2973.1
2025-03-16 13:00:00,2652.3
2025-12-31 05:00:00,2143.6
2025-03-27 19:00:00,3458.6
2025-07-23 11:00:00,3080.4
2025-05-13 04:00:00,2336.8
2025-08-20 00:00:00,2461.4
2025-03-21 06:00:00,2264.5
2025-04-25 14:00:00,3157.4
2025-03-30 07:00:00,2444.7
2025-11-01 06:00:00,2131.2
2025-10-22 08:00:00,2757.7
2025-10-31 18:00:00,3286.1
2025-04-23 01:00:00,2457.1
2025-06-12 01:00:00,2438.9
2025-12-30 14:00:00,3077.2
2025-08-09 16:00:00,3025.7
2025-01-04 03:00:00,1863.4
2025-04-08 17:00:00,3132.5
2025-04-08 23:00:00,2874.3
2025-06-18 18:00:00,3442.8
2025-01-18 22:00:00,2809.9
2025-07-18 04:00:00,2139.8
2025-06-23 17:00:00,3141.1
2025-09-04 05:00:00,2138.4
2025-08-03 16:00:00,2893.6
2025-12-09 17:00:00,3051.7
2025-12-12 20:00:00,3448.2
2025-11-17 16:00:00,3079.8
2025-09-16 18:00:00,3302.4
2025-09-21 11:00:00,2827.0
2025-05-08 07:00:00,2607.6
2025-09-01 03:00:00,2177.4
2025-01-11 00:00:00,1979.2
2025-02-02 15:00:00,2760.1
2025-02-26 10:00:00,2771.5
2025-07-01 15:00:00,3189.2
2025-02-10 17:00:00,2895.9
2025-02-03 17:00:00,2997.4
2025-04-01 08:00:00,2748.8
2025-09-26 23:00:00,2897.7
2025-07-02 17:00:00,3102.9
2025-03-08 15:00:00,2911.2
2025-05-03 13:00:00,2892.3
2025-06-06 01:00:00,2516.2
2025-05-23 04:00:00,2256.3
2025-11-14 23:00:00,2834.0
2025-01-29 12:00:00,2702.9
2025-08-31 09:00:00,2841.7
2025-03-09 12:00:00,2606.8
2025-06-06 11:00:00,3195.3
2025-03-03 18:00:00,3247.8
2025-03-31 10:00:00,3050.9
2025-03-17 01:00:00,2121.9
2025-03-29 07:00:00,2403.5
2025-07-13 09:00:00,2634.2
2025-02-26 13:00:00,2816.8
2025-09-14 00:00:00,2391.0
2025-09-25 11:00:00,3020.6
2025-10-08 22:00:00,3207.6
2025-06-13 19:00:00,3653.0
2025-10-16 00:00:00,2404.5
2025-06-30 09:00:00,2960.3
2025-05-25 13:00:00,2904.9
2025-06-24 14:00:00,3146.3
2025-06-17 23:00:00,2953.2
2025-01-21 14:00:00,2801.4
2025-08-10 12:00:00,2840.8
2025-12-03 16:00:00,2976.0
2025-11-19 09:00:00,2918.4
2025-04-08 00:00:00,2487.8
2025-01-02 05:00:00,1749.6
2025-12-17 23:00:00,2844.4
2025-06-21 23:00:00,2920.3
2025-12-24 16:00:00,2960.6
2025-02-15 12:00:00,2538.7
2025-01-06 04:00:00,1863.8
2025-08-12 11:00:00,2915.8
2025-10-10 18:00:00,3222.9
2025-06-17 16:00:00,3221.4
2025-08-25 23:00:00,2822.8
2025-04-06 18:00:00,3321.6
2025-09-04 16:00:00,3030.2
2025-03-06 17:00:00,3082.7
2025-11-23 15:00:00,2951.4
2025-01-25 22:00:00,2765.0
2025-03-30 11:00:00,2858.1
2025-03-01 00:00:00,2316.2
2025-12-22 00:00:00,2333.8
2025-07-28 11:00:00,3064.5
2025-12-23 08:00:00,2500.9
2025-07-30 18:00:00,3360.8
2025-08-13 13:00:00,3021.8
2025-11-09 00:00:00,2373.5
2025-09-16 01:00:00,2332.2
2025-04-02 13:00:00,3112.6
2025-08-22 19:00:00,3556.8
2025-12-26 00:00:00,2249.6
2025-01-31 05:00:00,1902.3
2025-11-07 07:00:00,2438.5
2025-05-31 16:00:00,3039.0
2025-02-03 16:00:00,2923.8
2025-05-26 21:00:00,3646.2
2025-09-23 02:00:00,2291.8
2025-02-09 22:00:00,2882.1
2025-09-28 15:00:00,3064.4
2025-07-04 20:00:00,3618.1
2025-02-03 18:00:00,3037.7
2025-02-04 18:00:00,3022.3
2025-10-31 01:00:00,2323.6
2025-04-11 23:00:00,2923.1
2025-09-12 14:00:00,3098.4
2025-11-06 09:00:00,2789.3
2025-02-21 11:00:00,2812.3
2025-02-21 01:00:00,2044.4
2025-09-13 17:00:00,2911.9
2025-09-12 12:00:00,2869.8
2025-08-07 23:00:00,2784.4
2025-05-17 20:00:00,3764.6
2025-06-03 17:00:00,3161.4
2025-12-18 06:00:00,2101.2
2025-06-11 17:00:00,3295.9
2025-05-30 02:00:00,2430.8
2025-05-04 14:00:00,2923.0
2025-09-15 13:00:00,3014.2
2025-11-18 15:00:00,3055.5
2025-12-04 05:00:00,2040.2
2025-03-11 01:00:00,2306.5
2025-11-26 06:00:00,2186.2
2025-11-25 12:00:00,2869.1
2025-01-19 20:00:00,3410.3
2025-09-12 22:00:00,3259.0
2025-08-15 01:00:00,2240.7
2025-05-11 05:00:00,2334.1
2025-04-20 03:00:00,2346.5
2025-01-18 14:00:00,2517.2
2025-07-12 15:00:00,3000.1
2025-02-20 20:00:00,3407.7
2025-05-03 01:00:00,2412.7
2025-06-19 02:00:00,2449.5
2025-08-11 05:00:00,2257.9
2025-04-29 13:00:00,3193.4
2025-05-06 23:00:00,2941.2
2025-12-18 14:00:00,2945.0
2025-02-11 17:00:00,3033.2
2025-01-05 06:00:00,1999.0
2025-04-11 18:00:00,3280.8
2025-08-26 18:00:00,3330.5
2025-08-31 02:00:00,2261.7
2025-09-26 05:00:00,2153.4
2025-03-07 20:00:00,3631.0
2025-06-29 00:00:00,2393.9
2025-04-02 22:00:00,3259.5
2025-01-08 02:00:00,1947.0
2025-10-14 06:00:00,2306.6
2025-01-06 15:00:00,2863.0
2025-02-01 13:00:00,2566.4
2025-08-07 10:00:00,3186.8
2025-02-24 14:00:00,2875.9
2025-02-20 17:00:00,3056.0
2025-04-06 04:00:00,2205.5
2025-09-20 10:00:00,2891.6
2025-05-02 01:00:00,2431.2
2025-07-31 17:00:00,3063.4
2025-10-07 00:00:00,2355.1
2025-12-08 22:00:00,3109.3
2025-03-22 15:00:00,3030.2
2025-05-16 14:00:00,3259.7
2025-07-09 02:00:00,2071.5
2025-12-10 07:00:00,2275.1
2025-02-03 15:00:00,2905.8
2025-03-27 05:00:00,2105.2
2025-11-02 20:00:00,3407.8
2025-01-20 06:00:00,2051.3
2025-05-02 23:00:00,2931.9
2025-03-23 12:00:00,2775.6
2025-04-12 21:00:00,3443.0
2025-09-10 22:00:00,3233.6
2025-07-06 10:00:00,2885.2
2025-02-03 07:00:00,2279.0
2025-04-11 02:00:00,2280.8
2025-12-13 00:00:00,2327.0
2025-02-14 17:00:00,2935.0
2025-06-25 10:00:00,3135.6
2025-01-07 00:00:00,2218.3
2025-09-18 23:00:00,2892.0
2025-02-25 20:00:00,3455.2
2025-06-03 14:00:00,3126.4
2025-10-09 17:00:00,3271.3
2025-03-29 03:00:00,2158.3
2025-08-29 21:00:00,3501.6
2025-08-03 11:00:00,2781.9
2025-11-07 18:00:00,3196.8
2025-09-15 02:00:00,2170.3
2025-08-19 08:00:00,2637.2
2025-08-06 13:00:00,2934.9
2025-09-03 03:00:00,2052.1
2025-08-06 21:00:00,3531.2
2025-02-11 19:00:00,3312.5
2025-06-22 21:00:00,3516.0
2025-12-06 14:00:00,2864.6
2025-06-13 03:00:00,2223.9
2025-10-30 07:00:00,2403.0
2025-01-24 03:00:00,1985.3
2025-07-07 16:00:00,3046.6
2025-08-08 14:00:00,2979.8
2025-11-22 12:00:00,2712.1
2025-03-03 21:00:00,3369.5
2025-10-04 18:00:00,3318.8
2025-02-23 00:00:00,2371.9
2025-07-24 00:00:00,2335.6
2025-02-28 19:00:00,3302.7
2025-12-07 21:00:00,3262.9
2025-02-01 09:00:00,2619.4
2025-03-03 07:00:00,2452.6
2025-06-21 06:00:00,2330.3
2025-10-30 09:00:00,2813.7
2025-07-13 01:00:00,2359.1
2025-08-18 11:00:00,2947.7
2025-05-09 04:00:00,2350.9
2025-08-12 12:00:00,3027.6
2025-10-02 05:00:00,2155.4
2025-07-07 21:00:00,3459.2
2025-12-19 05:00:00,1997.9
2025-02-10 21:00:00,3230.2
2025-11-24 22:00:00,3149.6
2025-06-05 01:00:00,2345.3
2025-04-24 10:00:00,3275.1
2025-12-08 01:00:00,2182.3
2025-02-22 20:00:00,3349.1
2025-04-13 14:00:00,2903.2
2025-06-24 09:00:00,2904.9
2025-01-12 04:00:00,1801.6
2025-01-28 06:00:00,2001.6
2025-10-03 05:00:00,2165.7
2025-06-08 13:00:00,2901.6
2025-06-07 00:00:00,2468.0
2025-08-26 12:00:00,2841.6
2025-04-28 13:00:00,3053.2
2025-01-18 20:00:00,3309.1
2025-01-25 13:00:00,2507.6
2025-01-21 15:00:00,2900.7
2025-05-31 20:00:00,3897.1
2025-06-04 10:00:00,3212.4
2025-08-10 20:00:00,3716.8
2025-10-14 15:00:00,3192.5
2025-09-01 13:00:00,2958.8
2025-09-07 02:00:00,2170.7
2025-01-23 00:00:00,2063.3
2025-03-17 08:00:00,2609.0
2025-08-09 06:00:00,2356.5
2025-11-29 13:00:00,2630.0
2025-09-08 09:00:00,2745.7
2025-03-26 12:00:00,2945.8
2025-08-06 08:00:00,2682.8
2025-01-29 05:00:00,1795.1
2025-10-10 07:00:00,2493.8
2025-09-18 15:00:00,3119.2
2025-06-28 18:00:00,3229.4
2025-11-26 19:00:00,3508.7
2025-10-10 22:00:00,3112.0
2025-11-15 02:00:00,2164.1
2025-12-02 03:00:00,2149.6
2025-04-12 08:00:00,2485.6
2025-09-10 19:00:00,3617.3
2025-07-15 00:00:00,2512.7
2025-01-23 23:00:00,2404.0
2025-11-12 04:00:00,2121.9
2025-08-23 07:00:00,2436.6
2025-11-21 04:00:00,2017.2
2025-03-09 03:00:00,2113.5
2025-11-23 20:00:00,3381.3
2025-12-25 15:00:00,3083.5
2025-11-25 04:00:00,2053.9
2025-12-07 11:00:00,2672.2
2025-12-05 09:00:00,2854.4
2025-12-20 10:00:00,2695.1
2025-09-07 23:00:00,2856.2
2025-07-20 17:00:00,2924.8
2025-10-04 04:00:00,2167.7
2025-06-26 13:00:00,2946.0
2025-01-26 05:00:00,1952.4
2025-09-24 16:00:00,3103.0
2025-07-14 05:00:00,2181.8
2025-12-27 14:00:00,2731.2
2025-03-03 04:00:00,2028.5
2025-10-13 08:00:00,2628.7
2025-03-24 14:00:00,3048.6
2025-10-06 23:00:00,2856.5
2025-02-07 02:00:00,1900.7
2025-05-28 20:00:00,3763.8
2025-10-12 22:00:00,3182.3
2025-02-05 03:00:00,2029.4
2025-03-31 19:00:00,3538.7
2025-06-28 19:00:00,3544.6
2025-12-23 17:00:00,2974.8
2025-03-28 13:00:00,3026.8
2025-08-09 23:00:00,2774.2
2025-11-23 09:00:00,2627.1
2025-10-24 16:00:00,3066.3
2025-12-16 03:00:00,2152.0
2025-04-27 15:00:00,3083.9
2025-09-10 17:00:00,3164.4
2025-01-25 08:00:00,2244.3
2025-05-17 04:00:00,2258.5
2025-06-29 19:00:00,3381.6
2025-07-10 00:00:00,2323.4
2025-08-24 23:00:00,2877.2
2025-07-05 16:00:00,2961.5
2025-06-29 05:00:00,2112.8
2025-11-10 11:00:00,2932.7
2025-10-01 23:00:00,2814.4
2025-09-14 09:00:00,2740.6
2025-07-17 17:00:00,3196.2
2025-05-18 07:00:00,2596.7
2025-12-14 21:00:00,3283.8
2025-12-24 21:00:00,3451.0
2025-04-17 06:00:00,2218.6
2025-10-01 00:00:00,2257.4
2025-11-10 12:00:00,2883.5
2025-01-15 08:00:00,2458.8
2025-12-07 23:00:00,2679.4
2025-08-13 05:00:00,2130.0
2025-05-24 09:00:00,2831.1
2025-12-19 22:00:00,3116.7
2025-02-06 07:00:00,2292.4
2025-11-25 17:00:00,3050.0
2025-10-27 09:00:00,2864.9
2025-08-30 23:00:00,2829.3
2025-08-03 20:00:00,3515.2
2025-01-04 18:00:00,2931.6
2025-08-21 02:00:00,2269.7
2025-09-28 19:00:00,3428.5
2025-08-29 08:00:00,2644.2
2025-10-28 10:00:00,2965.8
2025-08-25 18:00:00,3299.3
2025-11-13 17:00:00,3140.0
2025-03-30 05:00:00,2247.6
2025-05-03 09:00:00,2873.6
2025-07-25 03:00:00,2159.1
2025-10-22 01:00:00,2384.1
2025-04-29 04:00:00,2274.7
2025-05-10 00:00:00,2560.9
2025-10-11 16:00:00,3044.9
2025-06-17 20:00:00,3535.1
2025-02-09 11:00:00,2678.8
2025-05-02 21:00:00,3575.6
2025-06-21 18:00:00,3168.2
2025-05-14 22:00:00,3317.7
2025-09-08 01:00:00,2335.8
2025-07-25 07:00:00,2426.5
2025-02-06 19:00:00,3266.6
2025-09-07 04:00:00,2100.6
2025-07-16 08:00:00,2721.4
2025-08-13 10:00:00,3071.4
2025-07-03 15:00:00,3239.9
2025-03-02 16:00:00,2793.9
2025-12-15 16:00:00,2990.5
2025-10-13 21:00:00,3440.5
2025-09-17 01:00:00,2293.2
2025-12-11 13:00:00,2850.1
2025-09-16 09:00:00,2859.7
2025-10-05 10:00:00,2995.0
2025-09-29 18:00:00,3217.2
2025-04-11 15:00:00,3337.5
2025-07-07 01:00:00,2293.1
2025-10-21 13:00:00,2860.9
2025-06-26 17:00:00,3223.7
2025-05-31 08:00:00,2664.6
2025-09-18 12:00:00,2937.3
2025-12-28 09:00:00,2572.5
2025-05-01 19:00:00,3598.4
2025-07-21 18:00:00,3257.3
2025-04-10 22:00:00,3262.2
2025-04-03 01:00:00,2496.6
2025-03-13 06:00:00,2273.1
2025-01-05 08:00:00,2151.9
2025-08-16 14:00:00,2906.6
2025-02-19 10:00:00,2799.6
2025-07-11 10:00:00,3049.7
2025-05-13 16:00:00,3155.4
2025-12-24 09:00:00,2784.4
2025-10-06 13:00:00,2876.6
2025-11-09 17:00:00,2924.5
2025-12-27 21:00:00,3345.4
2025-01-07 07:00:00,2250.0
2025-05-17 18:00:00,3337.6
2025-09-02 01:00:00,2294.2
2025-02-08 03:00:00,1931.1
2025-02-24 09:00:00,2756.5
2025-06-07 15:00:00,3003.9
2025-05-08 01:00:00,2451.5
2025-11-11 14:00:00,2940.0
2025-09-09 20:00:00,3646.2
2025-12-14 06:00:00,2211.6
2025-10-05 23:00:00,2825.1
2025-11-16 08:00:00,2470.4
2025-07-03 00:00:00,2413.0
2025-10-10 14:00:00,3068.0
2025-04-27 12:00:00,2949.8
2025-04-23 13:00:00,3115.0
2025-02-28 06:00:00,2048.9
2025-04-15 23:00:00,2851.8
2025-05-20 22:00:00,3352.7
2025-01-08 15:00:00,2901.8
2025-07-21 00:00:00,2301.2
2025-01-16 06:00:00,2098.8
2025-06-25 09:00:00,2986.3
2025-06-18 03:00:00,2310.7
2025-08-30 19:00:00,3476.2
2025-04-11 17:00:00,3196.0
2025-01-20 15:00:00,2824.1
2025-02-10 07:00:00,2196.1
2025-09-16 16:00:00,3178.1
2025-09-13 06:00:00,2327.9
2025-04-21 16:00:00,3193.6
2025-09-25 23:00:00,2815.0
2025-01-09 17:00:00,2893.1
2025-03-23 17:00:00,2927.3
2025-02-07 08:00:00,2493.3
2025-12-03 01:00:00,2250.7
2025-05-23 14:00:00,3216.6
2025-08-25 21:00:00,3458.1
2025-03-15 21:00:00,3473.8
2025-12-29 05:00:00,1967.0
2025-04-06 19:00:00,3542.3
2025-02-20 09:00:00,2675.6
2025-12-08 04:00:00,2058.9
2025-12-27 02:00:00,2135.8
2025-12-31 00:00:00,2283.2
2025-02-22 22:00:00,2822.9
2025-02-22 03:00:00,1971.8
2025-05-13 08:00:00,2808.4
2025-07-08 20:00:00,3528.6
2025-09-20 16:00:00,2994.0
2025-07-11 13:00:00,3012.3
2025-02-23 20:00:00,3548.0
2025-09-02 07:00:00,2452.4
2025-05-21 10:00:00,3214.2
2025-07-24 18:00:00,3246.9
2025-06-01 22:00:00,3211.6
2025-05-19 03:00:00,2279.6
2025-01-13 04:00:00,1839.5
2025-11-29 09:00:00,2770.9
2025-06-15 18:00:00,3278.1
2025-02-13 19:00:00,3367.3
2025-08-24 03:00:00,2260.9
2025-07-11 17:00:00,3223.1
2025-06-27 00:00:00,2439.5
2025-01-12 08:00:00,2137.5
2025-03-27 02:00:00,2207.6
2025-07-25 02:00:00,2242.9
2025-06-20 07:00:00,2554.2
2025-06-10 19:00:00,3535.9
2025-06-18 07:00:00,2595.9
2025-02-15 06:00:00,2079.6
2025-11-07 13:00:00,2836.8
2025-11-05 11:00:00,2982.7
2025-07-22 13:00:00,3025.1
2025-06-24 22:00:00,3215.7
2025-05-01 23:00:00,3015.5
2025-10-21 18:00:00,3218.3
2025-10-05 12:00:00,2751.1
2025-10-13 13:00:00,2812.7
2025-08-10 08:00:00,2607.2
2025-09-04 08:00:00,2717.3
2025-09-19 03:00:00,2237.1
2025-11-21 17:00:00,3129.7
2025-07-04 12:00:00,3046.8
2025-06-15 01:00:00,2467.3
2025-07-16 22:00:00,3207.8
2025-01-26 13:00:00,2562.6
2025-06-25 01:00:00,2352.1
2025-07-10 04:00:00,2066.6
2025-07-05 23:00:00,2737.5
2025-08-05 03:00:00,2122.6
2025-08-15 14:00:00,3053.6
2025-03-14 20:00:00,3592.4
2025-01-31 12:00:00,2720.1
2025-10-24 01:00:00,2235.5
2025-06-24 04:00:00,2202.8
2025-11-03 07:00:00,2271.9
2025-08-31 04:00:00,2182.1
2025-05-02 06:00:00,2493.1
2025-04-21 22:00:00,3305.3
2025-08-02 02:00:00,2107.2
2025-07-05 10:00:00,2908.0
2025-05-10 17:00:00,3178.6
2025-05-18 15:00:00,3130.2
2025-03-31 18:00:00,3295.6
2025-02-26 00:00:00,2088.4
2025-12-25 17:00:00,3057.3
2025-09-06 21:00:00,3323.9
2025-10-18 18:00:00,3192.0
2025-12-25 16:00:00,2972.4
2025-07-26 19:00:00,3419.1
2025-02-09 16:00:00,2598.9
2025-05-31 14:00:00,3020.9
2025-05-06 21:00:00,3618.2
2025-06-19 21:00:00,3502.9
2025-03-04 16:00:00,3122.1
2025-06-27 19:00:00,3561.9
2025-03-17 06:00:00,2183.0
2025-06-21 04:00:00,2110.6
2025-02-16 17:00:00,2860.9
2025-08-21 18:00:00,3169.8
2025-12-14 05:00:00,2054.7
2025-08-22 02:00:00,2262.5
2025-07-07 23:00:00,2791.7
2025-07-11 07:00:00,2567.8
2025-06-29 06:00:00,2190.9
2025-09-15 07:00:00,2480.2
2025-09-10 00:00:00,2448.4
2025-10-22 10:00:00,3003.5
2025-01-18 08:00:00,2095.0
2025-05-04 21:00:00,3570.0
2025-08-18 03:00:00,2134.4
2025-04-12 07:00:00,2631.7
2025-11-13 19:00:00,3347.1
2025-01-24 12:00:00,2661.7
2025-04-16 06:00:00,2360.5
2025-10-11 06:00:00,2129.3
2025-12-07 19:00:00,3257.8
2025-05-16 11:00:00,3221.2
2025-02-21 00:00:00,2386.5
2025-01-06 22:00:00,2863.3
2025-07-11 22:00:00,3234.2
2025-03-04 02:00:00,2251.0
2025-10-28 05:00:00,1997.4
2025-06-02 03:00:00,2253.4
2025-11-03 20:00:00,3533.8
2025-06-26 07:00:00,2403.4
2025-07-09 05:00:00,2051.0
2025-04-21 13:00:00,3042.7
2025-03-25 12:00:00,2843.3
2025-02-19 18:00:00,2966.1
2025-08-20 03:00:00,2152.9
2025-05-23 01:00:00,2437.6
2025-12-24 19:00:00,3415.4
2025-06-26 05:00:00,2262.6
2025-03-15 04:00:00,2040.4
2025-01-21 17:00:00,2845.3
2025-10-15 11:00:00,3044.0
2025-07-21 23:00:00,2875.0
2025-02-06 06:00:00,2083.0
2025-05-20 21:00:00,3641.0
2025-02-08 00:00:00,2275.3
2025-01-31 01:00:00,2052.9
2025-05-30 14:00:00,3228.9
2025-12-29 23:00:00,2652.5
2025-10-09 20:00:00,3659.8
2025-12-16 20:00:00,3503.3
2025-07-29 19:00:00,3560.8
2025-03-04 08:00:00,2658.3
2025-11-30 07:00:00,2354.5
2025-03-05 08:00:00,2538.6
2025-11-28 09:00:00,2827.5
2025-09-05 16:00:00,3040.3
2025-04-25 10:00:00,3309.9
2025-11-12 19:00:00,3465.5
2025-01-14 02:00:00,1838.2
2025-09-29 16:00:00,3115.1
2025-11-08 18:00:00,3050.1
2025-05-20 14:00:00,3178.6
2025-01-05 12:00:00,2513.5
2025-03-15 02:00:00,2222.4
2025-09-29 20:00:00,3643.1
2025-02-26 07:00:00,2356.6
2025-05-11 09:00:00,2829.6
2025-10-12 21:00:00,3471.1
2025-08-07 15:00:00,3176.3
2025-08-03 15:00:00,2956.3
2025-01-21 00:00:00,2104.4
2025-11-04 08:00:00,2509.0
2025-03-24 05:00:00,2215.7
2025-01-15 00:00:00,2214.8
2025-04-26 04:00:00,2243.4
2025-09-01 16:00:00,2993.4
2025-09-30 20:00:00,3671.6
2025-10-31 06:00:00,2264.5
2025-07-19 17:00:00,2992.3
2025-01-22 20:00:00,3455.7
2025-09-24 07:00:00,2330.7
2025-05-25 21:00:00,3591.6
2025-06-13 04:00:00,2302.0
2025-08-26 22:00:00,3307.4
2025-04-28 01:00:00,2374.3
2025-01-31 04:00:00,1889.8
2025-02-01 21:00:00,3235.9
2025-11-16 18:00:00,3193.3
2025-08-24 01:00:00,2265.1
2025-12-18 03:00:00,2042.0
2025-09-23 15:00:00,3242.8
2025-01-13 19:00:00,3179.5
2025-02-23 06:00:00,2211.6
2025-01-15 12:00:00,2635.0
2025-08-11 04:00:00,2219.2
2025-10-29 04:00:00,2185.8
2025-06-27 05:00:00,2200.4
2025-11-13 09:00:00,2766.3
2025-12-13 11:00:00,2762.7
2025-03-16 15:00:00,2880.9
2025-07-21 14:00:00,3121.2
2025-08-19 07:00:00,2406.5
2025-07-06 18:00:00,3203.8
2025-09-30 23:00:00,2787.3
2025-03-27 13:00:00,2884.0
2025-04-04 00:00:00,2579.2
2025-06-21 15:00:00,2966.9
2025-01-03 23:00:00,2545.2
2025-06-25 15:00:00,3235.0
2025-04-25 23:00:00,2826.9
2025-09-24 08:00:00,2648.0
2025-11-18 03:00:00,2115.6
2025-07-18 21:00:00,3490.7
2025-07-21 10:00:00,3019.2
2025-07-20 01:00:00,2270.0
2025-09-16 14:00:00,3067.2
2025-04-27 21:00:00,3647.5
2025-02-22 12:00:00,2484.3
2025-03-11 10:00:00,2933.1
2025-09-04 01:00:00,2259.9
2025-06-15 06:00:00,2224.1
2025-07-17 02:00:00,2249.5
2025-07-25 19:00:00,3425.4
2025-11-16 07:00:00,2430.6
2025-04-01 07:00:00,2501.9
2025-03-02 05:00:00,2184.8
2025-09-07 16:00:00,2956.9
2025-04-16 13:00:00,2660.3
2025-06-29 03:00:00,2208.6
2025-03-12 15:00:00,3173.8
2025-05-01 12:00:00,3108.3
2025-02-15 15:00:00,2722.1
2025-12-02 00:00:00,2347.0
2025-10-11 13:00:00,2807.2
2025-05-14 11:00:00,3367.0
2025-08-22 07:00:00,2495.6
2025-03-09 22:00:00,3073.7
2025-08-26 09:00:00,2859.7
2025-03-20 09:00:00,2927.3
2025-07-28 04:00:00,2163.1
2025-09-18 02:00:00,2334.9
2025-03-09 04:00:00,1905.4
2025-02-10 18:00:00,3068.5
2025-02-28 21:00:00,3349.9
2025-10-03 15:00:00,3185.2
2025-06-28 03:00:00,2191.8
2025-02-05 08:00:00,2532.4
2025-07-20 00:00:00,2405.6
2025-10-14 16:00:00,3114.3
2025-10-04 07:00:00,2459.9
2025-04-30 21:00:00,3720.6
2025-04-05 15:00:00,3078.3
2025-04-10 16:00:00,3198.7
2025-11-02 07:00:00,2425.6
2025-03-18 06:00:00,2301.8
2025-12-16 22:00:00,3155.1
2025-11-30 16:00:00,2956.7
2025-09-14 18:00:00,3146.2
2025-01-02 23:00:00,2590.9
2025-09-24 13:00:00,2851.6
2025-07-30 17:00:00,3164.8
2025-02-26 06:00:00,2056.4
2025-12-18 08:00:00,2458.0
2025-02-21 10:00:00,2877.3
2025-07-10 01:00:00,2260.0
2025-07-26 16:00:00,2991.7
2025-01-19 14:00:00,2598.1
2025-04-04 16:00:00,3264.5
2025-03-14 15:00:00,3039.4
2025-02-05 04:00:00,1897.3
2025-08-06 01:00:00,2310.9
2025-11-03 05:00:00,1955.0
2025-05-18 01:00:00,2432.0
2025-11-08 00:00:00,2165.6
2025-01-02 15:00:00,2791.8
2025-04-12 16:00:00,2988.8
2025-05-10 07:00:00,2522.8
2025-12-27 00:00:00,2367.8
2025-12-12 03:00:00,2115.7
2025-01-29 06:00:00,2145.5
2025-11-25 02:00:00,2054.9
2025-11-29 20:00:00,3502.0
2025-08-06 18:00:00,3236.7
2025-02-23 22:00:00,3107.2
2025-07-15 07:00:00,2538.8
2025-07-11 23:00:00,2792.4
2025-08-08 06:00:00,2404.4
2025-02-10 11:00:00,2816.0
2025-05-24 10:00:00,3011.0
2025-10-05 06:00:00,2201.6
2025-08-20 11:00:00,3044.3
2025-02-16 08:00:00,2340.8
2025-10-02 19:00:00,3521.5
2025-02-02 08:00:00,2249.0
2025-12-21 13:00:00,2614.7
2025-04-03 23:00:00,2883.8
2025-04-03 20:00:00,3724.3
2025-03-31 17:00:00,3049.6
2025-09-21 14:00:00,2822.1
2025-07-10 15:00:00,3172.4
2025-10-28 17:00:00,3023.4
2025-06-20 19:00:00,3499.8
2025-12-14 19:00:00,3388.8
2025-06-26 06:00:00,2315.1
2025-08-22 05:00:00,2203.0
2025-10-03 21:00:00,3418.7
2025-02-26 22:00:00,2929.8
2025-03-03 05:00:00,2029.7
2025-03-19 03:00:00,2047.1
2025-05-13 15:00:00,3154.4
2025-03-23 19:00:00,3433.0
2025-11-11 11:00:00,2907.8
2025-06-23 22:00:00,3283.6
2025-08-21 05:00:00,2100.6
2025-05-14 07:00:00,2652.2
2025-11-19 21:00:00,3470.2
2025-02-23 17:00:00,2955.5
2025-01-21 05:00:00,1995.7
2025-04-04 07:00:00,2480.7
2025-08-27 07:00:00,2430.6
2025-05-16 21:00:00,3734.0
2025-11-08 08:00:00,2333.9
2025-10-12 09:00:00,2776.4
2025-08-04 20:00:00,3639.3
2025-10-24 19:00:00,3427.7
2025-12-21 20:00:00,3480.3
2025-01-02 06:00:00,2036.4
2025-11-19 16:00:00,3156.2
2025-05-28 14:00:00,3311.8
2025-08-14 09:00:00,2854.5
2025-03-20 07:00:00,2418.6
2025-10-08 20:00:00,3609.3
2025-06-14 06:00:00,2251.7
2025-03-24 15:00:00,3168.1
2025-06-30 02:00:00,2325.4
2025-12-09 02:00:00,2112.4
2025-10-27 21:00:00,3453.0
2025-08-28 11:00:00,3101.2
2025-09-08 06:00:00,2302.1
2025-09-23 04:00:00,2057.3
2025-02-13 04:00:00,2041.7
2025-01-27 12:00:00,2687.7
2025-07-01 22:00:00,3160.6
2025-08-21 04:00:00,2185.6
2025-10-11 12:00:00,2704.8
2025-12-26 17:00:00,3100.7
2025-06-19 15:00:00,3312.4
2025-02-15 03:00:00,1944.1
2025-04-19 23:00:00,2995.3
2025-02-05 21:00:00,3409.1
2025-12-12 09:00:00,2809.5
2025-02-07 15:00:00,2935.4
2025-01-08 23:00:00,2460.0
2025-01-05 13:00:00,2373.9
2025-12-24 12:00:00,2778.9
2025-08-05 14:00:00,3098.2
2025-03-22 22:00:00,3122.8
2025-06-16 11:00:00,2995.5
2025-11-21 15:00:00,3019.2
2025-06-09 18:00:00,3451.5
2025-10-12 08:00:00,2438.6
2025-03-18 07:00:00,2337.6
2025-10-03 18:00:00,3226.5
2025-11-06 16:00:00,2948.5
2025-08-07 09:00:00,2946.2
2025-10-01 04:00:00,2095.4
2025-02-02 14:00:00,2764.3
2025-01-24 11:00:00,2778.0
2025-12-20 14:00:00,2734.1
2025-11-03 01:00:00,2132.1
2025-04-26 15:00:00,3121.4
2025-05-23 21:00:00,3650.7
2025-11-21 13:00:00,2955.0
2025-06-06 23:00:00,3023.0
2025-10-16 18:00:00,3222.7
2025-03-18 01:00:00,2206.5
2025-04-20 01:00:00,2422.6
2025-09-25 04:00:00,2021.6
2025-02-15 14:00:00,2658.3
2025-12-25 05:00:00,2095.9
2025-05-13 01:00:00,2468.6
2025-11-29 12:00:00,2632.8
2025-06-29 13:00:00,2816.9
2025-10-15 06:00:00,2276.7
2025-11-07 21:00:00,3337.4
2025-08-07 02:00:00,2169.9
2025-07-23 19:00:00,3486.3
2025-06-10 17:00:00,3172.9
2025-06-09 04:00:00,2229.5
2025-08-09 03:00:00,2135.6
2025-03-10 22:00:00,3122.1
2025-11-13 13:00:00,2989.2
2025-12-15 13:00:00,2891.0
2025-04-07 19:00:00,3625.9
2025-04-11 13:00:00,3088.8
2025-12-09 15:00:00,3032.3
2025-04-21 14:00:00,3122.4
2025-08-07 13:00:00,2951.8
2025-09-01 04:00:00,2078.9
2025-09-21 20:00:00,3491.6
2025-04-22 14:00:00,3169.0
2025-07-17 03:00:00,2238.7
2025-12-06 07:00:00,2298.0
2025-09-10 07:00:00,2532.0
2025-08-03 19:00:00,3421.4
2025-08-31 14:00:00,2814.9
2025-06-30 23:00:00,2968.1
2025-01-08 10:00:00,2788.9
2025-08-27 08:00:00,2593.3
2025-10-26 19:00:00,3428.5
2025-03-05 22:00:00,3085.1
2025-12-20 11:00:00,2743.2
2025-06-28 12:00:00,2780.5
2025-05-17 22:00:00,3273.6
2025-02-20 04:00:00,1811.7
2025-04-02 18:00:00,3372.6
2025-07-14 15:00:00,3267.8
2025-11-10 23:00:00,2715.5
2025-10-26 09:00:00,2644.2
2025-06-19 20:00:00,3764.4
2025-07-31 01:00:00,2341.3
2025-02-10 15:00:00,2982.0
2025-07-05 07:00:00,2324.7
2025-03-15 18:00:00,3202.4
2025-02-04 13:00:00,2642.8
2025-02-09 05:00:00,1965.8
2025-10-14 20:00:00,3596.5
2025-04-14 14:00:00,2746.2
2025-01-27 03:00:00,1887.6
2025-11-19 03:00:00,2116.1
2025-08-16 23:00:00,2769.2
2025-07-28 21:00:00,3498.6
2025-02-08 13:00:00,2474.9
2025-05-07 09:00:00,3080.0
2025-01-13 07:00:00,2086.1
2025-02-13 20:00:00,3420.4
2025-11-09 03:00:00,2098.6
2025-04-23 19:00:00,3733.9
2025-05-15 05:00:00,2261.0
2025-12-23 22:00:00,3033.7
2025-12-11 03:00:00,2127.9
2025-07-31 00:00:00,2355.0
2025-10-16 03:00:00,2120.3
2025-05-27 05:00:00,2322.7
2025-07-30 10:00:00,3082.2
2025-04-27 05:00:00,2272.4
2025-02-09 08:00:00,2132.3
2025-11-04 15:00:00,2993.9
2025-11-17 19:00:00,3455.4
2025-10-21 12:00:00,2912.5
2025-01-01 12:00:00,2629.6
2025-02-16 13:00:00,2683.5
2025-10-10 02:00:00,2241.5
2025-05-16 15:00:00,3262.6
2025-07-20 23:00:00,2876.5
2025-04-23 02:00:00,2396.5
2025-04-03 05:00:00,2220.5
2025-06-18 14:00:00,3190.3
2025-06-22 13:00:00,2918.2
2025-08-05 12:00:00,2993.8
2025-02-24 23:00:00,2577.1
2025-02-02 11:00:00,2607.0
2025-12-27 15:00:00,2909.3
2025-12-15 04:00:00,2043.6
2025-05-11 10:00:00,3122.6
2025-12-27 01:00:00,2115.1
2025-07-09 14:00:00,2944.6
2025-01-19 01:00:00,2052.3
2025-05-25 19:00:00,3679.2
2025-05-27 01:00:00,2490.2
2025-01-28 05:00:00,1882.0
2025-04-14 05:00:00,2194.1
2025-01-04 20:00:00,3255.4
2025-10-12 04:00:00,2270.6
2025-08-14 19:00:00,3400.0
2025-12-28 00:00:00,2285.2
2025-08-22 14:00:00,3108.4
2025-08-12 10:00:00,2957.5
2025-06-20 01:00:00,2432.9
2025-12-26 23:00:00,2682.3
2025-07-06 02:00:00,2138.6
2025-08-27 11:00:00,2832.6
2025-05-01 06:00:00,2311.8
2025-05-11 15:00:00,3145.5
2025-11-09 02:00:00,2187.0
2025-03-20 02:00:00,2159.3
2025-10-10 05:00:00,2156.4
2025-12-25 07:00:00,2376.7
2025-12-04 10:00:00,2864.8
2025-10-25 18:00:00,3212.6
2025-05-02 00:00:00,2489.5
2025-05-30 06:00:00,2509.7
2025-01-24 18:00:00,2953.7
2025-03-02 08:00:00,2487.1
2025-10-03 10:00:00,3023.2
2025-07-18 23:00:00,2858.8
2025-07-22 14:00:00,3092.6
2025-10-04 02:00:00,2251.8
2025-07-27 14:00:00,2835.5
2025-04-15 22:00:00,3218.0
2025-11-15 03:00:00,2035.3
2025-03-14 17:00:00,3186.8
2025-04-25 05:00:00,2266.9
2025-03-08 06:00:00,2165.8
2025-05-15 10:00:00,3220.6
2025-12-22 13:00:00,2751.6
2025-04-04 04:00:00,2120.7
2025-01-12 23:00:00,2464.5
2025-03-14 10:00:00,3073.7
2025-09-01 08:00:00,2596.3
2025-03-23 00:00:00,2291.1
2025-06-06 05:00:00,2322.2
2025-05-28 11:00:00,3159.3
2025-10-29 13:00:00,2831.6
2025-09-13 23:00:00,2809.0
2025-08-20 06:00:00,2267.3
2025-03-22 03:00:00,2206.0
2025-10-05 08:00:00,2426.0
2025-04-28 19:00:00,3512.3
2025-03-12 04:00:00,2081.9
2025-10-14 04:00:00,2168.2
2025-09-10 15:00:00,3189.3
2025-02-25 18:00:00,3119.9
2025-05-16 22:00:00,3379.9
2025-06-07 12:00:00,2804.0
2025-10-05 01:00:00,2320.3
2025-04-25 06:00:00,2389.1
2025-02-11 09:00:00,2683.0
2025-11-14 04:00:00,2026.9
2025-01-28 02:00:00,1960.8
2025-08-05 09:00:00,2926.3
2025-05-01 22:00:00,3367.0
2025-04-05 02:00:00,2416.0
2025-07-30 05:00:00,2255.3
2025-10-09 05:00:00,2261.4
2025-09-04 12:00:00,2944.8
2025-05-05 10:00:00,3195.8
2025-12-09 22:00:00,3149.2
2025-03-30 09:00:00,2693.3
2025-10-27 11:00:00,2979.1
2025-11-15 10:00:00,2750.6
2025-06-25 05:00:00,2073.0
2025-08-02 06:00:00,2257.1
2025-03-07 04:00:00,2003.6
2025-11-18 02:00:00,2067.2
2025-11-26 10:00:00,2956.0
2025-04-18 16:00:00,3298.0
2025-12-25 08:00:00,2621.5
2025-04-02 01:00:00,2380.5
2025-05-14 04:00:00,2332.7
2025-11-04 10:00:00,2866.9
2025-01-30 12:00:00,2681.3
2025-02-21 07:00:00,2306.4
2025-09-02 09:00:00,2895.5
2025-06-21 09:00:00,2686.8
2025-06-20 23:00:00,2851.8
2025-02-22 10:00:00,2602.5
2025-06-15 19:00:00,3546.6
2025-04-04 22:00:00,3250.1
2025-12-13 19:00:00,3309.3
2025-03-23 07:00:00,2435.7
2025-10-07 19:00:00,3506.1
2025-02-11 07:00:00,2187.0
2025-05-27 00:00:00,2488.9
2025-01-05 17:00:00,2718.4
2025-11-25 00:00:00,2336.1
2025-04-15 13:00:00,2734.6
2025-12-09 21:00:00,3398.7
2025-10-11 18:00:00,3230.8
2025-07-17 06:00:00,2233.6
2025-06-14 20:00:00,3553.7
2025-04-17 04:00:00,2303.0
2025-06-30 05:00:00,2134.0
2025-01-22 03:00:00,1928.3
2025-12-20 17:00:00,2795.0
2025-08-15 10:00:00,3113.9
2025-02-09 13:00:00,2576.7
2025-11-03 12:00:00,2773.7
2025-07-02 11:00:00,2999.8
2025-06-07 02:00:00,2337.1
2025-10-16 06:00:00,2288.0
2025-08-16 09:00:00,2761.1
2025-04-29 18:00:00,3446.6
2025-08-15 16:00:00,3086.7
2025-07-26 07:00:00,2395.8
2025-04-06 20:00:00,3640.8
2025-06-20 21:00:00,3513.4
2025-08-25 09:00:00,2954.3
2025-01-15 14:00:00,2704.7
2025-08-18 04:00:00,2189.0
2025-05-02 02:00:00,2368.5
2025-09-23 05:00:00,2182.5
2025-08-05 20:00:00,3709.7
2025-04-15 09:00:00,2626.9
2025-04-20 04:00:00,2155.8
2025-11-13 18:00:00,3169.6
2025-02-16 10:00:00,2731.6
2025-04-29 14:00:00,3189.7
2025-10-01 16:00:00,3084.9
2025-01-13 10:00:00,2632.4
2025-03-11 19:00:00,3353.6
2025-05-20 11:00:00,3108.4
2025-11-03 19:00:00,3484.4
2025-04-24 23:00:00,3029.8
2025-10-24 06:00:00,2268.8
2025-09-06 16:00:00,2874.1
2025-10-23 01:00:00,2292.5
2025-11-12 13:00:00,2927.5
2025-07-04 23:00:00,2887.8
2025-11-09 18:00:00,3132.6
2025-10-19 03:00:00,2081.6
2025-03-22 17:00:00,3016.3
2025-01-10 13:00:00,2588.3
2025-01-04 04:00:00,1848.5
2025-01-05 07:00:00,2180.7
2025-09-27 04:00:00,2135.4
2025-06-09 22:00:00,3294.5
2025-06-08 23:00:00,2853.2
2025-10-26 20:00:00,3487.1
2025-03-13 18:00:00,3164.3
2025-09-07 14:00:00,2930.4
2025-03-29 15:00:00,3016.2
2025-11-01 02:00:00,2142.9
2025-10-26 03:00:00,2106.3
2025-08-04 10:00:00,3104.8
2025-08-25 16:00:00,3128.4
2025-03-18 13:00:00,2872.1
2025-09-09 03:00:00,2179.8
2025-09-26 18:00:00,3356.2
2025-09-17 08:00:00,2556.8
2025-03-09 06:00:00,2130.9
2025-06-06 02:00:00,2292.3
2025-01-26 07:00:00,2192.1
2025-12-07 01:00:00,2235.3
2025-08-17 12:00:00,2693.6
2025-02-15 13:00:00,2530.7
2025-07-28 23:00:00,2850.0
2025-04-20 06:00:00,2419.7
2025-07-21 21:00:00,3425.4
2025-11-10 09:00:00,2865.5
2025-12-28 12:00:00,2596.0
2025-06-25 17:00:00,3280.7
2025-01-07 16:00:00,2856.2
2025-01-09 11:00:00,2648.7
2025-04-10 11:00:00,3139.5
2025-08-13 06:00:00,2213.2
2025-08-10 13:00:00,2954.7
2025-08-11 21:00:00,3484.5
2025-02-04 21:00:00,3262.2
2025-05-03 06:00:00,2298.9
2025-08-21 21:00:00,3536.7
2025-08-23 11:00:00,2744.1
2025-04-12 11:00:00,2865.1
2025-02-21 06:00:00,2022.3
2025-12-11 22:00:00,3061.8
2025-10-19 09:00:00,2713.8
2025-09-19 13:00:00,2942.6
2025-03-09 01:00:00,2204.0
2025-06-10 21:00:00,3471.2
2025-12-19 04:00:00,1939.4
2025-07-02 08:00:00,2717.7
2025-11-06 07:00:00,2251.6
2025-06-10 12:00:00,2954.9
2025-06-03 21:00:00,3530.5
2025-08-08 01:00:00,2264.3
2025-07-24 06:00:00,2219.5
2025-11-11 08:00:00,2565.0
2025-07-27 07:00:00,2520.1
2025-04-24 20:00:00,3707.9
2025-12-27 23:00:00,2675.9
2025-02-18 00:00:00,2214.3
2025-10-25 03:00:00,2174.2
2025-11-09 23:00:00,2773.2
2025-06-18 02:00:00,2340.2
2025-11-26 21:00:00,3280.2
2025-07-19 10:00:00,2907.9
2025-06-24 20:00:00,3784.5
2025-07-08 15:00:00,3084.9
2025-06-11 13:00:00,3028.3
2025-10-23 07:00:00,2298.8
2025-06-23 05:00:00,2209.1
2025-02-28 00:00:00,2205.6
2025-07-17 10:00:00,3182.6
2025-10-09 01:00:00,2351.8
2025-01-28 09:00:00,2624.1
2025-02-02 22:00:00,2830.0
2025-02-05 17:00:00,2942.2
2025-10-30 00:00:00,2383.9
2025-12-12 18:00:00,3170.6
2025-09-30 09:00:00,2918.1
2025-04-17 17:00:00,3299.9
2025-06-08 09:00:00,2797.2
2025-04-21 00:00:00,2422.1
2025-02-26 15:00:00,2839.1
2025-08-26 23:00:00,2808.3
2025-10-12 07:00:00,2357.9
2025-04-08 19:00:00,3528.7
2025-09-21 00:00:00,2399.3
2025-11-02 01:00:00,2205.8
2025-04-26 21:00:00,3572.1
2025-06-30 06:00:00,2306.3
2025-10-12 10:00:00,2922.6
2025-10-22 02:00:00,2287.3
2025-05-18 20:00:00,3807.8
2025-10-20 21:00:00,3517.0
2025-12-04 19:00:00,3389.5
2025-10-07 04:00:00,2053.7
2025-01-26 15:00:00,2757.0
2025-10-05 00:00:00,2481.3
2025-04-18 07:00:00,2598.0
2025-10-23 20:00:00,3605.4
2025-04-07 10:00:00,3191.3
2025-05-20 04:00:00,2195.2
2025-08-13 03:00:00,2101.1
2025-03-13 01:00:00,2257.1
2025-10-02 20:00:00,3574.4
2025-05-05 09:00:00,3005.1
2025-06-24 08:00:00,2755.8
2025-11-26 22:00:00,3021.3
2025-03-16 04:00:00,1943.2
2025-12-30 15:00:00,3131.8
2025-10-18 12:00:00,2626.5
2025-02-03 11:00:00,2761.4
2025-08-10 00:00:00,2604.1
2025-08-15 06:00:00,2303.9
2025-02-11 06:00:00,2092.7
2025-10-10 06:00:00,2331.3
2025-08-26 06:00:00,2190.7
2025-11-17 18:00:00,3242.5
2025-05-27 09:00:00,3011.0
2025-06-24 16:00:00,3125.3
2025-10-01 19:00:00,3407.2
2025-01-10 03:00:00,1789.5
2025-06-26 15:00:00,3178.5
2025-02-23 16:00:00,2891.0
2025-05-12 19:00:00,3708.4
2025-04-20 02:00:00,2239.2
2025-05-31 12:00:00,2980.4
2025-01-02 19:00:00,3179.2
2025-07-27 13:00:00,2912.7
2025-06-08 00:00:00,2563.9
2025-05-29 19:00:00,3653.5
2025-11-10 08:00:00,2559.9
2025-03-04 15:00:00,3143.2
2025-06-27 04:00:00,2179.7
2025-12-25 19:00:00,3474.9
2025-05-24 07:00:00,2666.0
2025-03-20 20:00:00,3555.8
2025-12-05 10:00:00,2961.4
2025-11-16 14:00:00,2805.8
2025-07-19 15:00:00,3025.1
2025-03-04 17:00:00,3165.5
2025-01-28 22:00:00,2882.7
2025-11-06 08:00:00,2579.0
2025-08-15 04:00:00,2136.8
2025-02-07 09:00:00,2622.4
2025-09-17 09:00:00,2924.9
2025-04-22 02:00:00,2288.3
2025-05-14 01:00:00,2501.3
2025-05-01 10:00:00,3100.2
2025-11-20 09:00:00,2787.1
2025-10-21 16:00:00,3105.8
2025-10-23 05:00:00,2137.7
2025-04-09 18:00:00,3320.0
2025-11-06 21:00:00,3361.3
2025-03-15 17:00:00,2858.9
2025-10-09 13:00:00,3060.5
2025-01-23 03:00:00,1805.0
2025-10-17 09:00:00,2829.2
2025-10-20 03:00:00,2102.5
2025-11-11 20:00:00,3546.5
2025-11-18 05:00:00,2056.2
2025-01-31 11:00:00,2817.8
2025-05-22 22:00:00,3284.2
2025-04-08 11:00:00,3136.4
2025-09-03 13:00:00,2854.4
2025-10-28 01:00:00,2222.8
2025-04-17 21:00:00,3634.7
2025-12-07 17:00:00,2791.3
2025-09-06 17:00:00,3010.6
2025-10-31 03:00:00,2243.5
2025-11-27 17:00:00,3172.7
2025-06-24 18:00:00,3374.2
2025-09-24 11:00:00,2985.1
2025-11-26 18:00:00,3243.0
2025-02-22 07:00:00,2199.9
2025-03-29 16:00:00,2911.1
2025-08-02 07:00:00,2405.4
2025-07-20 08:00:00,2511.3
2025-08-08 04:00:00,2154.4
2025-11-01 13:00:00,2654.9
2025-05-26 04:00:00,2303.7
2025-12-13 03:00:00,2023.1
2025-06-09 00:00:00,2529.3
2025-07-02 13:00:00,2862.5
2025-10-06 07:00:00,2529.8
2025-11-19 18:00:00,3203.6
2025-11-08 22:00:00,3046.3
2025-03-09 13:00:00,2626.0
2025-12-10 16:00:00,3001.3
2025-10-28 07:00:00,2408.1
2025-08-05 08:00:00,2696.9
2025-12-08 06:00:00,2077.8
2025-02-15 16:00:00,2698.8
2025-08-21 16:00:00,3089.2
2025-12-12 16:00:00,3026.5
2025-04-13 15:00:00,3100.0
2025-08-16 17:00:00,2868.1
2025-03-16 12:00:00,2608.8
2025-10-08 21:00:00,3539.9
2025-12-21 23:00:00,2650.9
2025-07-17 18:00:00,3241.6
2025-01-09 00:00:00,2123.4
2025-02-04 04:00:00,1891.0
2025-11-07 05:00:00,2145.3
2025-08-13 08:00:00,2707.5
2025-06-23 14:00:00,3178.7
2025-04-22 23:00:00,2863.6
2025-09-29 21:00:00,3470.3
2025-07-10 07:00:00,2444.8
2025-04-19 15:00:00,3054.8
2025-10-24 13:00:00,2888.2
2025-01-10 22:00:00,2914.8
2025-06-17 07:00:00,2548.0
2025-12-01 09:00:00,2731.6
2025-05-05 01:00:00,2362.9
2025-07-01 23:00:00,2853.9
2025-02-09 09:00:00,2418.5
2025-07-24 12:00:00,2832.2
2025-09-10 01:00:00,2321.4
2025-08-08 05:00:00,2248.1
2025-07-19 18:00:00,3263.4
2025-05-29 00:00:00,2604.7
2025-12-03 12:00:00,2913.8
2025-05-21 00:00:00,2503.4
2025-08-15 12:00:00,2923.7
2025-04-11 10:00:00,3102.5
2025-10-19 13:00:00,2821.9
2025-06-15 22:00:00,3244.1
2025-01-07 02:00:00,1916.5
2025-07-31 18:00:00,3098.1
2025-04-06 14:00:00,2977.3
2025-10-12 23:00:00,2893.8
2025-05-31 11:00:00,3053.3
2025-03-14 08:00:00,2716.0
2025-09-01 15:00:00,3066.5
2025-01-05 18:00:00,2963.6
2025-12-19 14:00:00,2984.6
2025-06-30 03:00:00,2268.1
2025-01-21 18:00:00,2979.8
2025-01-31 00:00:00,2116.1
2025-05-09 17:00:00,3409.3
2025-08-19 00:00:00,2410.2
2025-08-21 08:00:00,2694.6
2025-01-25 20:00:00,3210.9
2025-11-19 05:00:00,2100.3
2025-07-14 04:00:00,2154.2
2025-03-10 15:00:00,3082.8
2025-08-09 14:00:00,2927.0
2025-04-23 12:00:00,3031.6
2025-08-24 21:00:00,3356.4
2025-03-12 20:00:00,3645.8
2025-11-08 15:00:00,2778.6
2025-08-18 19:00:00,3445.2
2025-07-08 16:00:00,3029.1
2025-05-03 14:00:00,2935.2
2025-11-20 16:00:00,2977.5
2025-01-04 14:00:00,2607.6
2025-04-07 04:00:00,2280.2
2025-04-22 13:00:00,3043.3
2025-12-28 07:00:00,2333.3
2025-09-14 07:00:00,2322.4
2025-04-19 02:00:00,2331.4
2025-07-07 02:00:00,2222.5
2025-02-12 21:00:00,3379.1
2025-01-06 16:00:00,2847.2
2025-08-06 17:00:00,3027.6
2025-12-15 11:00:00,2868.4
2025-11-17 10:00:00,2949.0
2025-02-20 00:00:00,2189.9
2025-12-14 02:00:00,2153.5
2025-07-29 23:00:00,2837.5
2025-01-24 14:00:00,2873.7
2025-08-20 05:00:00,2150.6
2025-06-13 15:00:00,3269.4
2025-12-21 12:00:00,2681.3
2025-08-30 09:00:00,2723.6
2025-06-30 12:00:00,3085.0
2025-07-29 06:00:00,2349.8
2025-07-27 20:00:00,3613.4
2025-10-21 04:00:00,2046.8
2025-04-08 02:00:00,2299.1
2025-05-27 11:00:00,3137.7
2025-04-02 03:00:00,2288.8
2025-01-09 03:00:00,1919.5
2025-06-30 15:00:00,3316.0
2025-02-03 10:00:00,2876.1
2025-07-22 22:00:00,3188.6
2025-09-08 21:00:00,3447.2
2025-03-28 04:00:00,2097.6
2025-11-23 07:00:00,2395.9
2025-10-26 18:00:00,3207.1
2025-01-27 20:00:00,3189.0
2025-12-08 18:00:00,3140.8
2025-09-27 14:00:00,2812.3
2025-01-06 00:00:00,1999.5
2025-05-05 05:00:00,2181.7
2025-05-09 02:00:00,2406.1
2025-11-07 17:00:00,3041.6
2025-12-04 13:00:00,2720.5
2025-03-30 23:00:00,2880.7
2025-09-12 19:00:00,3414.9
2025-01-06 14:00:00,2756.9
2025-12-18 16:00:00,3075.3
2025-04-17 15:00:00,3320.5
2025-01-03 14:00:00,2739.1
2025-12-03 10:00:00,2973.9
2025-07-14 11:00:00,3072.4
2025-04-13 19:00:00,3635.5
2025-01-29 07:00:00,2194.3
2025-11-30 09:00:00,2673.3
2025-01-31 21:00:00,3261.4
2025-06-01 17:00:00,3081.1
2025-09-23 06:00:00,2327.3
2025-09-16 06:00:00,2243.7
2025-05-16 18:00:00,3433.1
2025-03-20 01:00:00,2342.8
2025-04-19 04:00:00,2275.0
2025-03-13 13:00:00,2871.7
2025-11-17 14:00:00,2977.3
2025-04-29 11:00:00,3236.2
2025-11-21 16:00:00,3135.7
2025-10-18 23:00:00,2706.7
2025-09-16 13:00:00,3111.5
2025-01-21 09:00:00,2583.6
2025-01-21 13:00:00,2626.3
2025-01-29 18:00:00,3108.6
2025-06-09 05:00:00,2226.1
2025-01-26 02:00:00,1908.0
2025-03-21 15:00:00,3185.0
2025-09-24 23:00:00,2778.3
2025-07-16 06:00:00,2389.3
2025-10-02 23:00:00,2781.9
2025-07-03 12:00:00,2936.0
2025-06-06 13:00:00,3141.5
2025-04-09 14:00:00,3118.5
2025-08-08 11:00:00,3026.5
2025-08-12 09:00:00,2897.5
2025-02-26 17:00:00,2871.1
2025-07-11 11:00:00,3008.1
2025-03-05 14:00:00,2892.6
2025-09-28 12:00:00,2854.7
2025-08-10 02:00:00,2199.0
2025-03-06 15:00:00,3158.8
2025-12-20 12:00:00,2583.6
2025-02-25 17:00:00,2978.5
2025-06-12 13:00:00,3055.7
2025-05-06 10:00:00,3239.9
2025-11-01 01:00:00,2079.5
2025-04-04 18:00:00,3414.1
2025-04-08 18:00:00,3324.1
2025-12-02 16:00:00,2994.6
2025-04-27 00:00:00,2604.4
2025-08-01 18:00:00,3288.6
2025-01-07 06:00:00,1928.0
2025-04-27 20:00:00,3720.9
2025-07-06 16:00:00,2906.5
2025-03-28 22:00:00,3131.3
2025-06-06 07:00:00,2635.4
2025-04-05 03:00:00,2222.5
2025-06-17 09:00:00,2980.2
2025-07-16 12:00:00,3059.8
2025-07-12 22:00:00,3211.1
2025-10-26 08:00:00,2418.5
2025-11-01 12:00:00,2569.6
2025-06-10 16:00:00,3055.6
2025-02-05 19:00:00,3362.1
2025-08-30 11:00:00,2865.7
2025-09-14 21:00:00,3387.0
2025-08-31 13:00:00,2913.7
2025-10-13 19:00:00,3588.9
2025-10-15 18:00:00,3360.4
2025-09-29 19:00:00,3526.6
2025-03-16 03:00:00,1950.3
2025-07-06 13:00:00,2914.6
2025-07-22 03:00:00,2118.5
2025-03-17 18:00:00,3244.4
2025-09-06 00:00:00,2444.4
2025-04-23 16:00:00,3230.6
2025-01-08 07:00:00,2113.2
2025-03-29 05:00:00,2153.5
2025-10-09 10:00:00,3138.4
2025-05-26 11:00:00,3072.2
2025-11-07 00:00:00,2239.6
2025-01-04 10:00:00,2623.6
2025-02-04 00:00:00,2026.1
2025-08-22 17:00:00,3148.8
2025-08-30 20:00:00,3590.4
2025-01-12 19:00:00,3193.6
2025-10-31 21:00:00,3573.9
2025-09-28 03:00:00,2202.5
2025-11-03 15:00:00,3141.6
2025-05-02 11:00:00,3204.3
2025-03-17 13:00:00,2853.0
2025-02-22 23:00:00,2570.2
2025-07-24 22:00:00,3158.7
2025-12-16 23:00:00,2688.7
2025-10-16 07:00:00,2414.9
2025-08-22 18:00:00,3386.6
2025-04-21 02:00:00,2279.6
2025-08-01 19:00:00,3594.4
2025-04-07 01:00:00,2361.1
2025-07-26 21:00:00,3384.9
2025-06-24 19:00:00,3642.0
2025-06-23 16:00:00,3286.3
2025-06-10 09:00:00,3000.8
2025-12-26 10:00:00,2831.0
2025-10-01 20:00:00,3556.4
2025-09-08 14:00:00,2988.3
2025-04-11 14:00:00,3238.5
2025-05-29 02:00:00,2345.3
2025-04-02 11:00:00,3153.7
2025-04-19 08:00:00,2609.1
2025-09-29 13:00:00,2906.4
2025-06-29 18:00:00,3046.9
2025-05-21 06:00:00,2450.0
2025-07-13 02:00:00,2265.9
2025-07-29 14:00:00,3149.3
2025-04-20 17:00:00,3100.5
2025-09-18 00:00:00,2408.7
2025-04-12 10:00:00,2992.7
2025-10-10 12:00:00,2855.9
2025-08-04 07:00:00,2482.2
2025-08-07 22:00:00,3236.2
2025-05-28 17:00:00,3365.9
2025-07-09 20:00:00,3594.0
2025-10-30 21:00:00,3402.0
2025-01-22 13:00:00,2636.4
2025-11-16 13:00:00,2889.4
2025-09-09 19:00:00,3498.0
2025-02-28 23:00:00,2564.8
2025-11-05 19:00:00,3444.5
2025-01-06 07:00:00,2111.4
2025-05-25 18:00:00,3427.7
2025-09-11 04:00:00,2222.4
2025-06-29 14:00:00,2856.1
2025-04-12 14:00:00,2910.5
2025-06-06 21:00:00,3702.2
2025-10-18 14:00:00,2758.0
2025-07-17 22:00:00,3273.8
2025-12-23 12:00:00,2756.9
2025-03-03 09:00:00,2769.6
2025-10-31 11:00:00,3049.3
2025-05-29 08:00:00,2870.7
2025-06-14 15:00:00,2901.1
2025-01-03 01:00:00,2027.8
2025-11-14 11:00:00,2941.0
2025-02-06 23:00:00,2661.7
2025-04-20 00:00:00,2517.8
2025-01-22 12:00:00,2668.6
2025-05-13 00:00:00,2586.6
2025-05-03 21:00:00,3504.6
2025-03-01 08:00:00,2428.5
2025-01-06 19:00:00,3101.0
2025-03-22 04:00:00,2096.2
2025-04-10 02:00:00,2289.3
2025-05-14 05:00:00,2399.5
2025-01-05 16:00:00,2553.1
2025-05-16 10:00:00,3167.6
2025-08-24 09:00:00,2722.2
2025-09-05 00:00:00,2297.7
2025-08-06 06:00:00,2244.6
2025-05-17 13:00:00,2921.1
2025-10-25 00:00:00,2343.3
2025-10-25 02:00:00,2118.9
2025-12-29 12:00:00,2679.6
2025-07-16 01:00:00,2365.9
2025-10-15 08:00:00,2751.1
2025-08-23 16:00:00,2876.2
2025-05-15 06:00:00,2266.6
2025-09-19 07:00:00,2422.0
2025-01-19 19:00:00,3092.3
2025-06-05 11:00:00,3091.5
2025-11-09 13:00:00,2761.8
2025-10-30 20:00:00,3702.5
2025-04-26 03:00:00,2281.8
2025-01-28 10:00:00,2710.1
2025-09-02 05:00:00,2136.9
2025-02-11 15:00:00,2927.3
2025-01-17 05:00:00,1775.7
2025-05-22 23:00:00,2967.8
2025-03-03 12:00:00,2814.6
2025-04-04 08:00:00,2666.6
2025-04-10 10:00:00,3145.6
2025-11-19 14:00:00,3016.4
2025-06-13 10:00:00,3197.1
2025-05-04 20:00:00,3742.9
2025-05-22 02:00:00,2234.9
2025-02-23 21:00:00,3338.7
2025-12-08 00:00:00,2257.7
2025-04-30 17:00:00,3154.4
2025-06-23 21:00:00,3523.0
2025-04-16 15:00:00,2908.8
2025-11-21 21:00:00,3473.3
2025-03-21 11:00:00,3054.9
2025-09-25 09:00:00,2848.3
2025-01-16 08:00:00,2395.8
2025-02-17 23:00:00,2672.7
2025-09-18 11:00:00,2987.4
2025-07-22 23:00:00,2794.3
2025-07-08 02:00:00,2106.1
2025-07-26 23:00:00,2737.9
2025-08-28 01:00:00,2214.1
2025-06-23 08:00:00,2793.6
2025-06-28 15:00:00,3014.0
2025-09-05 05:00:00,2065.9
2025-08-03 01:00:00,2316.1
2025-01-08 06:00:00,1969.9
2025-03-21 07:00:00,2505.3
2025-02-15 19:00:00,3284.8
2025-09-15 11:00:00,3025.5
2025-05-23 00:00:00,2525.1
2025-03-06 02:00:00,2271.7
2025-04-06 12:00:00,2770.0
2025-12-03 15:00:00,3089.6
2025-02-26 19:00:00,3189.7
2025-08-11 09:00:00,2971.8
2025-08-06 05:00:00,2086.9
2025-08-13 19:00:00,3542.7
2025-01-29 08:00:00,2395.7
2025-09-01 06:00:00,2139.4
2025-06-02 16:00:00,3246.7
2025-03-11 05:00:00,1992.3
2025-01-22 04:00:00,1862.6
2025-01-07 22:00:00,2787.0
2025-09-25 00:00:00,2364.4
2025-02-11 22:00:00,2999.0
2025-09-28 17:00:00,3032.8
2025-09-19 16:00:00,3099.1
2025-05-26 14:00:00,3180.7
2025-09-24 15:00:00,3135.1
2025-12-22 19:00:00,3253.8
2025-04-16 16:00:00,2895.9
2025-02-16 00:00:00,2199.5
2025-06-11 11:00:00,3059.9
2025-08-27 23:00:00,2735.6
2025-03-15 00:00:00,2345.8
2025-08-21 03:00:00,2146.8
2025-05-02 12:00:00,3065.3
2025-09-13 21:00:00,3284.1
2025-01-07 08:00:00,2362.9
2025-06-12 19:00:00,3559.7
2025-11-22 04:00:00,2085.7
2025-04-17 08:00:00,2891.8
2025-04-26 13:00:00,2910.2
2025-07-14 07:00:00,2495.9
2025-05-28 23:00:00,2961.6
2025-06-05 02:00:00,2375.0
2025-08-15 02:00:00,2132.7
2025-10-12 16:00:00,2935.1
2025-09-13 01:00:00,2346.3
2025-11-20 12:00:00,2951.3
2025-03-17 22:00:00,3145.5
2025-06-20 06:00:00,2382.0
2025-10-06 01:00:00,2266.1
2025-12-14 09:00:00,2611.1
2025-08-22 03:00:00,2239.8
2025-09-04 04:00:00,2104.3
2025-01-13 21:00:00,3290.1
2025-09-03 14:00:00,3030.3
2025-08-21 15:00:00,3148.4
2025-05-30 23:00:00,3023.1
2025-05-31 22:00:00,3313.5
2025-10-05 21:00:00,3461.8
2025-05-24 18:00:00,3404.1
2025-01-09 13:00:00,2739.1
2025-02-17 07:00:00,2327.2
2025-04-25 13:00:00,3076.7
2025-05-31 13:00:00,2952.7
2025-01-13 17:00:00,2844.7
2025-03-19 01:00:00,2154.3
2025-11-09 20:00:00,3512.3
2025-03-24 20:00:00,3609.3
2025-05-16 00:00:00,2608.8
2025-04-27 14:00:00,3088.9
2025-07-08 03:00:00,1958.9
2025-09-03 09:00:00,2968.1
2025-05-10 13:00:00,2867.0
2025-06-19 03:00:00,2249.9
2025-03-24 19:00:00,3433.5
2025-09-18 21:00:00,3507.3
2025-01-16 23:00:00,2533.5
2025-06-29 11:00:00,2809.9
2025-05-22 04:00:00,2259.8
2025-11-16 10:00:00,2955.3
2025-04-24 15:00:00,3222.0
2025-10-05 13:00:00,2737.2
2025-07-20 03:00:00,2123.7
2025-10-22 19:00:00,3619.8
2025-08-08 22:00:00,3168.0
2025-06-09 16:00:00,3256.3
2025-10-24 05:00:00,2098.0
2025-06-28 04:00:00,2133.6
2025-01-11 13:00:00,2533.8
2025-12-16 18:00:00,3182.9
2025-12-05 21:00:00,3270.3
2025-01-12 14:00:00,2671.2
2025-05-16 12:00:00,3094.1
2025-04-14 08:00:00,2434.5
2025-01-13 01:00:00,1981.4
2025-09-23 10:00:00,3002.1
2025-05-09 03:00:00,2296.6
2025-09-15 03:00:00,2176.0
2025-08-30 16:00:00,2988.8
2025-07-24 03:00:00,1950.5
2025-09-18 07:00:00,2518.1
2025-12-21 14:00:00,2656.4
2025-10-13 22:00:00,3123.7
2025-07-15 02:00:00,2298.9
2025-09-04 14:00:00,2993.6
2025-01-12 06:00:00,1961.2
2025-07-10 10:00:00,3065.8
2025-12-22 18:00:00,3226.1
2025-09-17 07:00:00,2447.5
2025-10-07 03:00:00,2059.4
2025-10-28 16:00:00,2981.5
2025-06-25 07:00:00,2536.7
2025-05-15 02:00:00,2289.2
2025-02-27 23:00:00,2554.6
2025-06-15 15:00:00,3198.6
2025-06-29 20:00:00,3605.3
2025-11-28 14:00:00,2947.4
2025-08-22 13:00:00,3068.0
2025-08-25 13:00:00,3002.1
2025-01-04 11:00:00,2570.4
2025-02-06 09:00:00,2643.7
2025-12-17 08:00:00,2575.4
2025-08-31 21:00:00,3454.0
2025-07-09 21:00:00,3427.3
2025-07-07 12:00:00,2955.0
2025-11-21 22:00:00,3156.1
2025-12-20 18:00:00,3157.8
2025-08-09 04:00:00,2118.6
2025-04-13 02:00:00,2369.2
2025-06-14 18:00:00,3279.9
2025-04-08 01:00:00,2280.8
2025-11-21 08:00:00,2702.2
2025-08-13 09:00:00,2825.7
2025-12-08 08:00:00,2529.9
2025-07-26 12:00:00,2740.4
2025-12-14 01:00:00,2219.5
2025-10-24 14:00:00,2981.7
2025-09-18 13:00:00,2982.5
2025-02-20 16:00:00,2890.6
2025-10-23 14:00:00,2940.9
2025-09-25 16:00:00,3082.5
2025-02-14 08:00:00,2401.5
2025-06-07 18:00:00,3246.5
2025-07-03 18:00:00,3237.1
2025-08-04 09:00:00,2958.1
2025-11-01 09:00:00,2592.9
2025-11-10 00:00:00,2273.0
2025-05-06 08:00:00,2878.0
2025-02-16 01:00:00,2151.1
2025-09-06 20:00:00,3561.9
2025-10-13 06:00:00,2252.2
2025-08-27 16:00:00,3126.8
2025-11-24 09:00:00,2814.2
2025-07-02 01:00:00,2173.1
2025-04-26 05:00:00,2310.2
2025-06-13 17:00:00,3267.4
2025-09-27 08:00:00,2509.4
2025-10-26 04:00:00,2153.6
2025-08-28 04:00:00,2077.5
2025-07-23 22:00:00,3255.3
2025-10-29 09:00:00,2944.6
2025-04-13 03:00:00,2163.4
2025-07-18 20:00:00,3614.7
2025-07-29 11:00:00,3095.4
2025-06-09 08:00:00,2805.7
2025-11-11 06:00:00,2235.9
2025-04-21 12:00:00,3042.9
2025-11-20 07:00:00,2367.4
2025-06-05 23:00:00,2886.3
2025-04-01 16:00:00,3224.1
2025-12-01 10:00:00,3014.6
2025-05-19 06:00:00,2324.3
2025-12-04 03:00:00,1925.2
2025-04-27 03:00:00,2327.0
2025-06-21 01:00:00,2260.2
2025-07-22 20:00:00,3596.3
2025-03-11 20:00:00,3572.1
2025-06-14 11:00:00,2834.5
2025-10-13 09:00:00,2775.5
2025-10-11 02:00:00,2171.3
2025-08-01 04:00:00,2167.3
2025-09-04 23:00:00,2761.5
2025-08-25 08:00:00,2650.3
2025-04-15 07:00:00,2587.6
2025-11-24 08:00:00,2711.1
2025-04-09 17:00:00,3197.6
2025-04-03 09:00:00,3037.9
2025-04-03 10:00:00,3117.8
2025-05-19 14:00:00,3107.5
2025-08-03 12:00:00,2745.9
2025-05-30 07:00:00,2614.7
2025-12-25 14:00:00,2961.7
2025-09-18 06:00:00,2296.8
2025-09-03 02:00:00,2226.5
2025-07-24 23:00:00,2651.8
2025-10-31 07:00:00,2508.2
2025-01-04 13:00:00,2519.8
2025-04-27 17:00:00,3168.6
2025-06-02 23:00:00,2914.3
2025-06-02 19:00:00,3597.9
2025-12-24 10:00:00,2953.8
2025-07-11 06:00:00,2436.5
2025-03-26 03:00:00,2206.2
2025-12-11 00:00:00,2306.1
2025-04-16 05:00:00,2216.7
2025-08-21 13:00:00,3031.6
2025-07-18 12:00:00,2903.5
2025-10-27 02:00:00,2257.3
2025-10-13 17:00:00,3057.7
2025-08-04 11:00:00,3118.8
2025-05-01 15:00:00,3318.0
2025-10-26 15:00:00,2880.9
2025-11-27 18:00:00,3292.8
2025-05-23 17:00:00,3268.0
2025-09-10 23:00:00,2809.9
2025-08-03 05:00:00,2141.3
2025-07-31 07:00:00,2466.5
2025-09-29 08:00:00,2639.4
2025-09-23 21:00:00,3516.1
2025-03-25 09:00:00,2872.5
2025-10-17 06:00:00,2214.1
2025-02-06 05:00:00,1945.6
2025-01-15 20:00:00,3335.6
2025-12-01 23:00:00,2730.1
2025-09-02 23:00:00,2804.8
2025-02-23 03:00:00,2138.6
2025-03-20 18:00:00,3280.1
2025-11-04 06:00:00,2143.1
2025-07-29 03:00:00,2176.0
2025-12-08 20:00:00,3583.3
2025-05-29 11:00:00,3159.7
2025-12-11 18:00:00,3114.8
2025-04-10 04:00:00,2193.6
2025-12-02 07:00:00,2334.5
2025-09-28 02:00:00,2311.0
2025-10-01 18:00:00,3200.7
2025-05-18 18:00:00,3394.0
2025-10-27 15:00:00,3105.2
2025-05-26 19:00:00,3570.7
2025-08-01 07:00:00,2453.4
2025-02-16 12:00:00,2553.0
2025-12-27 03:00:00,2006.7
2025-10-29 00:00:00,2403.7
2025-08-02 18:00:00,3141.3
2025-09-22 03:00:00,2074.3
2025-09-11 02:00:00,2209.6
2025-06-01 21:00:00,3409.3
2025-04-15 04:00:00,2283.0
2025-12-22 12:00:00,2876.7
2025-04-26 23:00:00,2964.5
2025-06-08 17:00:00,3054.9
2025-07-30 20:00:00,3711.4
2025-10-19 21:00:00,3344.8
2025-09-06 11:00:00,2814.9
2025-03-12 16:00:00,3174.1
2025-08-17 08:00:00,2519.4
2025-03-27 12:00:00,2918.6
2025-03-16 00:00:00,2215.3
2025-07-28 19:00:00,3478.4
2025-05-19 01:00:00,2482.9
2025-10-06 14:00:00,2999.1
2025-08-05 00:00:00,2380.9
2025-03-08 08:00:00,2355.5
2025-03-13 19:00:00,3337.5
2025-10-30 19:00:00,3535.6
2025-07-21 20:00:00,3657.7
2025-09-22 01:00:00,2209.0
2025-01-21 10:00:00,2670.5
2025-11-22 02:00:00,2275.3
2025-05-26 03:00:00,2366.4
2025-05-23 23:00:00,2840.3
2025-09-22 02:00:00,2161.4
2025-09-03 05:00:00,2142.2
2025-01-02 01:00:00,1990.1
2025-05-27 08:00:00,2750.2
2025-04-11 09:00:00,2905.6
2025-05-17 06:00:00,2309.5
2025-03-06 16:00:00,2995.0
2025-11-27 04:00:00,2065.0
2025-10-17 17:00:00,3161.8
2025-06-11 07:00:00,2547.2
2025-05-22 18:00:00,3278.4
2025-07-08 17:00:00,3000.3
2025-02-10 19:00:00,3243.5
2025-04-21 15:00:00,3236.4
2025-03-18 23:00:00,2768.0
2025-09-11 01:00:00,2341.4
2025-09-21 07:00:00,2358.6
2025-08-16 12:00:00,2810.7
2025-12-27 18:00:00,3158.8
2025-08-18 07:00:00,2532.3
2025-02-15 22:00:00,2813.1
2025-05-17 12:00:00,2876.0
2025-12-27 09:00:00,2667.6
2025-10-15 15:00:00,3173.4
2025-09-27 20:00:00,3571.7
2025-06-16 12:00:00,3004.5
2025-01-09 02:00:00,2012.7
2025-11-19 23:00:00,2739.7
2025-01-27 19:00:00,3193.9
2025-05-17 21:00:00,3600.3
2025-05-10 20:00:00,3735.7
2025-05-29 23:00:00,2866.7
2025-11-14 01:00:00,2106.5
2025-06-30 00:00:00,2535.1
2025-12-31 18:00:00,3160.3
2025-04-02 23:00:00,2994.6
2025-07-09 16:00:00,3035.6
2025-12-01 00:00:00,2364.3
2025-06-04 22:00:00,3223.1
2025-02-10 12:00:00,2653.8
2025-10-17 14:00:00,3180.1
2025-01-30 23:00:00,2564.5
2025-12-10 20:00:00,3551.5
2025-06-12 08:00:00,2750.3
2025-04-27 19:00:00,3705.2
2025-04-17 22:00:00,3358.2
2025-06-17 17:00:00,3329.7
2025-01-02 08:00:00,2371.7
2025-09-25 18:00:00,3211.0
2025-11-13 12:00:00,2893.8
2025-06-19 07:00:00,2623.6
2025-11-09 04:00:00,2024.1
2025-03-12 17:00:00,3138.2
2025-04-27 08:00:00,2741.6
2025-04-03 14:00:00,3090.7
2025-06-06 20:00:00,3795.0
2025-06-11 02:00:00,2246.2
2025-10-21 00:00:00,2333.3
2025-11-08 11:00:00,2679.5
2025-11-27 11:00:00,2985.6
2025-08-23 05:00:00,2056.9
2025-06-06 14:00:00,3306.6
2025-09-16 17:00:00,3074.1
2025-05-15 11:00:00,3043.4
2025-11-26 09:00:00,2869.0
2025-11-18 21:00:00,3321.8
2025-06-12 16:00:00,3228.0
2025-04-05 21:00:00,3588.0
2025-09-28 01:00:00,2329.2
2025-02-28 09:00:00,2771.1
2025-01-31 19:00:00,3291.2
2025-06-27 18:00:00,3380.9
2025-12-26 21:00:00,3426.7
2025-09-10 21:00:00,3511.8
2025-06-10 11:00:00,3098.1
2025-10-18 15:00:00,2971.8
2025-09-18 16:00:00,3144.9
2025-08-31 10:00:00,2897.7
2025-08-07 03:00:00,2212.0
2025-01-29 02:00:00,1885.1
2025-08-14 18:00:00,3202.8
2025-11-08 06:00:00,2093.6
2025-06-10 01:00:00,2389.6
2025-03-17 15:00:00,3128.3
2025-09-27 17:00:00,3019.2
2025-12-26 03:00:00,2022.1
2025-11-27 10:00:00,3000.5
2025-07-13 21:00:00,3422.0
2025-09-12 13:00:00,2878.1
2025-03-29 12:00:00,2657.1
2025-11-22 15:00:00,2965.5
2025-03-29 13:00:00,2789.0
2025-06-25 13:00:00,3009.1
2025-08-10 19:00:00,3484.6
2025-03-06 12:00:00,2833.7
2025-07-24 05:00:00,2195.9
2025-05-19 11:00:00,3251.3
2025-09-10 16:00:00,3175.9
2025-01-15 19:00:00,3247.0
2025-03-02 21:00:00,3346.6
2025-12-09 05:00:00,2025.6
2025-05-15 04:00:00,2267.8
2025-10-04 19:00:00,3467.6
2025-09-08 13:00:00,2937.3
2025-03-14 23:00:00,2774.7
2025-09-26 09:00:00,2857.8
2025-08-30 15:00:00,2983.9
2025-03-15 20:00:00,3543.3
2025-02-19 20:00:00,3376.7
2025-03-20 06:00:00,2295.6
2025-04-22 04:00:00,2214.6
2025-05-13 03:00:00,2362.9
2025-03-26 00:00:00,2502.0
2025-03-25 13:00:00,2892.1
2025-06-12 05:00:00,2248.4
2025-05-15 21:00:00,3628.8
2025-07-04 08:00:00,2706.3
2025-07-17 16:00:00,3170.5
2025-03-28 14:00:00,3028.5
2025-01-17 12:00:00,2558.2
2025-04-27 04:00:00,2398.9
2025-08-16 08:00:00,2480.8
2025-06-19 16:00:00,3230.0
2025-09-29 22:00:00,3205.5
2025-08-19 05:00:00,2228.1
2025-03-05 07:00:00,2396.8
2025-09-18 03:00:00,2118.3
2025-02-27 10:00:00,2967.1
2025-02-12 15:00:00,3011.2
2025-04-18 19:00:00,3654.5
2025-08-31 23:00:00,2935.0
2025-04-30 01:00:00,2312.3
2025-09-21 22:00:00,3056.4
2025-08-16 19:00:00,3377.8
2025-03-09 21:00:00,3372.7
2025-07-23 16:00:00,3230.6
2025-07-08 14:00:00,2892.1
2025-05-27 19:00:00,3599.6
2025-09-05 10:00:00,2946.4
2025-05-31 07:00:00,2662.2
2025-12-10 11:00:00,2821.5
2025-01-10 18:00:00,2960.8
2025-12-18 19:00:00,3447.2
2025-06-08 04:00:00,2148.9
2025-06-21 14:00:00,2864.5
2025-06-08 08:00:00,2582.1
2025-09-30 03:00:00,2222.7
2025-10-13 04:00:00,2169.0
2025-03-23 04:00:00,2049.6
2025-01-20 14:00:00,2855.6
2025-08-29 02:00:00,2186.8
2025-05-26 12:00:00,2991.9
2025-04-22 07:00:00,2496.1
2025-11-19 00:00:00,2434.3
2025-04-03 16:00:00,3193.8
2025-02-16 02:00:00,1964.7
2025-11-15 17:00:00,2896.3
2025-02-04 02:00:00,1910.0
2025-07-08 11:00:00,2891.0
2025-10-29 08:00:00,2699.0
2025-10-26 01:00:00,2330.5
2025-08-14 22:00:00,3118.4
2025-12-09 11:00:00,2881.6
2025-02-07 00:00:00,2106.1
2025-04-12 13:00:00,2927.5
2025-02-04 01:00:00,2004.7
2025-05-23 06:00:00,2252.1
2025-04-08 13:00:00,2993.8
2025-11-14 12:00:00,2647.2
2025-05-12 23:00:00,2939.2
2025-10-14 05:00:00,2163.9
2025-09-13 03:00:00,2193.1
2025-02-22 16:00:00,2620.3
2025-07-05 09:00:00,2731.7
2025-06-18 13:00:00,3005.5
2025-10-07 15:00:00,3032.6
2025-09-30 22:00:00,3244.7
2025-02-21 04:00:00,1880.2
2025-08-20 08:00:00,2712.0
2025-01-03 04:00:00,1707.0
2025-09-26 17:00:00,3099.0
2025-10-01 14:00:00,3062.1
2025-01-07 15:00:00,2991.1
2025-12-23 21:00:00,3338.1
2025-03-08 03:00:00,2041.6
2025-03-08 05:00:00,2097.6
2025-12-08 14:00:00,2941.5
2025-07-30 01:00:00,2433.7
2025-09-02 15:00:00,3077.4
2025-06-10 18:00:00,3342.6
2025-12-27 05:00:00,2166.3
2025-04-28 20:00:00,3683.6
2025-01-19 04:00:00,1838.8
2025-09-17 03:00:00,2137.0
2025-06-11 14:00:00,3116.0
2025-03-08 04:00:00,2044.9
2025-04-26 20:00:00,3583.1
2025-11-11 13:00:00,2844.5
2025-10-13 15:00:00,3126.1
2025-10-12 20:00:00,3503.4
2025-07-16 23:00:00,2985.7
2025-02-10 13:00:00,2698.1
2025-02-21 14:00:00,2760.6
2025-05-03 23:00:00,2916.6
2025-04-08 14:00:00,3169.8
2025-12-07 08:00:00,2324.4
2025-11-27 01:00:00,2324.0
2025-03-04 09:00:00,2987.1
2025-07-09 09:00:00,2824.9
2025-06-27 09:00:00,2952.2
2025-04-11 22:00:00,3290.8
2025-01-15 21:00:00,3091.6
2025-12-22 22:00:00,3112.7
2025-11-29 18:00:00,3161.1
2025-03-29 04:00:00,2159.1
2025-03-25 23:00:00,2778.8
2025-11-16 20:00:00,3469.4
2025-12-01 05:00:00,2143.5
2025-01-08 19:00:00,3223.3
2025-08-07 14:00:00,2996.7
2025-06-02 07:00:00,2606.1
2025-05-23 18:00:00,3286.0
2025-08-17 21:00:00,3332.6
2025-02-27 13:00:00,2792.2
2025-12-14 14:00:00,2837.1
2025-01-18 05:00:00,1882.5
2025-07-24 01:00:00,2246.3
2025-05-20 00:00:00,2601.7
2025-05-31 06:00:00,2484.8
2025-05-13 07:00:00,2566.3
2025-10-10 03:00:00,2203.7
2025-12-21 07:00:00,2310.8
2025-12-17 09:00:00,2765.3
2025-01-11 16:00:00,2652.9
2025-08-13 22:00:00,3212.7
2025-01-09 08:00:00,2365.9
2025-04-04 03:00:00,2302.8
2025-07-17 15:00:00,3190.7
2025-03-15 15:00:00,2969.5
2025-06-26 12:00:00,2983.4
2025-10-05 03:00:00,2129.6
2025-03-07 12:00:00,2859.2
2025-01-02 00:00:00,1930.8
2025-11-02 17:00:00,2908.2
2025-02-15 08:00:00,2242.0
2025-07-14 18:00:00,3333.1
2025-04-23 06:00:00,2454.5
2025-11-18 14:00:00,2974.4
2025-05-22 14:00:00,3188.8
2025-05-29 07:00:00,2628.9
2025-11-23 13:00:00,2653.3
2025-04-29 09:00:00,3140.1
2025-04-07 07:00:00,2636.9
2025-11-23 21:00:00,3306.9
2025-05-15 18:00:00,3349.6
2025-06-23 00:00:00,2464.9
2025-02-24 13:00:00,2667.9
2025-01-29 23:00:00,2538.4
2025-08-02 05:00:00,2134.1
2025-06-06 08:00:00,2926.9
2025-02-21 03:00:00,2005.8
2025-03-25 07:00:00,2436.6
2025-01-12 12:00:00,2486.9
2025-10-05 22:00:00,3100.2
2025-08-14 10:00:00,3008.5
2025-11-03 09:00:00,2825.5
2025-06-01 13:00:00,2782.3
2025-09-20 13:00:00,2858.1
2025-07-19 02:00:00,2247.6
2025-12-20 22:00:00,3032.2
2025-06-21 13:00:00,2836.1
2025-08-13 21:00:00,3429.8
2025-02-17 09:00:00,2758.1
2025-04-26 07:00:00,2585.4
2025-09-18 04:00:00,2123.9
2025-12-16 02:00:00,2172.1
2025-02-09 06:00:00,2130.2
2025-11-08 20:00:00,3523.7
2025-07-25 15:00:00,3102.7
2025-06-13 23:00:00,2930.4
2025-08-10 17:00:00,3039.4
2025-04-10 08:00:00,2801.9
2025-01-05 19:00:00,3061.0
2025-09-28 21:00:00,3547.4
2025-12-31 03:00:00,2096.2
2025-05-10 23:00:00,2938.1
2025-06-27 10:00:00,3071.0
2025-08-02 16:00:00,2908.1
2025-10-06 18:00:00,3225.2
2025-04-28 11:00:00,3142.6
2025-06-09 06:00:00,2359.5
2025-11-19 01:00:00,2240.2
2025-11-30 23:00:00,2874.4
2025-11-07 02:00:00,2125.6
2025-06-08 10:00:00,2934.9
2025-05-28 08:00:00,2783.9
2025-06-09 09:00:00,3027.8
2025-10-19 15:00:00,2881.0
2025-10-16 23:00:00,2774.1
2025-07-20 10:00:00,2850.8
2025-03-23 02:00:00,2169.3
2025-09-07 11:00:00,2883.1
2025-08-16 04:00:00,2193.1
2025-05-26 08:00:00,2765.3
2025-03-09 02:00:00,2039.9
2025-08-13 20:00:00,3714.8
2025-07-14 21:00:00,3639.3
2025-07-26 15:00:00,2921.7
2025-10-28 11:00:00,2920.0
2025-07-18 09:00:00,3003.1
2025-04-02 10:00:00,3186.3
2025-09-12 02:00:00,2159.4
2025-01-24 05:00:00,1866.1
2025-09-14 01:00:00,2267.7
2025-02-20 07:00:00,2238.2
2025-08-13 01:00:00,2329.0
2025-08-21 11:00:00,2981.6
2025-03-04 22:00:00,3083.9
2025-06-09 13:00:00,2972.0
2025-06-05 12:00:00,2972.7
2025-09-10 20:00:00,3614.9
2025-05-14 19:00:00,3657.4
2025-06-01 06:00:00,2392.7
2025-09-22 19:00:00,3561.5
2025-10-23 06:00:00,2152.8
2025-01-12 02:00:00,1943.5
2025-02-17 12:00:00,2776.8
2025-05-12 18:00:00,3453.7
2025-10-03 13:00:00,2836.5
2025-06-05 10:00:00,3193.8
2025-03-21 13:00:00,2909.0
2025-08-21 09:00:00,2857.4
2025-11-26 13:00:00,2881.4
2025-01-28 08:00:00,2432.7
2025-10-02 10:00:00,3059.8
2025-09-07 00:00:00,2387.7
2025-02-11 14:00:00,2879.7
2025-08-25 01:00:00,2411.6
2025-04-29 02:00:00,2427.3
2025-11-25 10:00:00,2944.0
2025-02-21 13:00:00,2681.3
2025-11-19 04:00:00,2135.4
2025-11-22 00:00:00,2375.6
2025-10-23 16:00:00,3052.8
2025-08-01 03:00:00,2121.7
2025-04-02 02:00:00,2366.9
2025-02-17 06:00:00,2226.6
2025-07-28 12:00:00,2895.4
2025-02-24 07:00:00,2215.8
2025-03-09 19:00:00,3448.2
2025-09-08 00:00:00,2446.2
2025-03-05 10:00:00,3057.4
2025-12-24 23:00:00,2700.2
2025-01-15 22:00:00,2907.2
2025-01-06 18:00:00,3099.1
2025-01-13 11:00:00,2777.1
2025-03-06 20:00:00,3556.2
2025-08-01 11:00:00,3020.0
2025-01-16 22:00:00,2892.0
2025-09-26 04:00:00,2072.3
2025-08-10 10:00:00,2800.5
2025-07-22 09:00:00,2941.0
2025-11-04 18:00:00,3145.8
2025-10-09 08:00:00,2827.1
2025-12-02 21:00:00,3356.7
2025-12-18 11:00:00,2813.7
2025-09-25 07:00:00,2440.9
2025-08-14 07:00:00,2378.9
2025-11-28 21:00:00,3441.7
2025-04-24 09:00:00,3121.9
2025-03-22 12:00:00,2721.7
2025-08-24 19:00:00,3481.4
2025-05-15 20:00:00,3749.0
2025-05-11 20:00:00,3689.1
2025-06-23 11:00:00,3029.1
2025-12-25 06:00:00,2181.6
2025-06-08 15:00:00,3125.6
2025-11-27 03:00:00,2185.5
2025-08-11 11:00:00,3105.4
2025-06-23 02:00:00,2280.7
2025-06-23 20:00:00,3707.3
2025-02-03 04:00:00,1831.7
2025-04-11 16:00:00,3170.5
2025-02-02 17:00:00,2729.4
2025-05-12 14:00:00,3420.4
2025-01-06 03:00:00,1973.8
2025-04-01 12:00:00,3055.1
2025-10-07 22:00:00,3141.2
2025-10-05 14:00:00,2806.6
2025-12-03 08:00:00,2686.3
2025-06-30 20:00:00,3761.2
2025-02-07 22:00:00,2916.7
2025-04-07 05:00:00,2277.7
2025-12-19 07:00:00,2441.1
2025-06-01 10:00:00,2939.6
2025-02-22 09:00:00,2539.8
2025-07-05 18:00:00,3161.6
2025-02-19 02:00:00,1895.1
2025-07-13 20:00:00,3511.9
2025-06-02 02:00:00,2305.8
2025-01-19 10:00:00,2631.7
2025-12-05 13:00:00,2791.8
2025-02-28 07:00:00,2277.2
2025-03-02 17:00:00,3040.1
2025-08-28 00:00:00,2442.4
2025-02-13 22:00:00,2977.6
2025-08-05 02:00:00,2262.6
2025-05-17 11:00:00,3023.2
2025-10-28 02:00:00,2184.3
2025-06-04 03:00:00,2197.9
2025-06-06 15:00:00,3220.0
2025-02-08 17:00:00,2765.0
2025-12-11 04:00:00,2082.3
2025-03-18 05:00:00,2155.6
2025-11-24 13:00:00,2829.1
2025-08-10 03:00:00,2278.8
2025-06-25 21:00:00,3615.9
2025-05-28 18:00:00,3371.5
2025-11-08 10:00:00,2758.3
2025-09-15 19:00:00,3581.4
2025-03-25 19:00:00,3470.9
2025-10-21 17:00:00,3068.8
2025-09-21 18:00:00,3088.0
2025-05-15 03:00:00,2345.9
2025-04-19 14:00:00,2917.0
2025-05-17 00:00:00,2461.6
2025-07-25 08:00:00,2500.5
2025-10-20 22:00:00,3171.7
2025-12-21 06:00:00,2306.4
2025-01-01 06:00:00,1986.1
2025-05-05 04:00:00,2258.9
2025-05-21 01:00:00,2514.1
2025-07-18 22:00:00,3158.7
2025-03-22 23:00:00,2920.4
2025-08-25 15:00:00,3170.4
2025-03-10 03:00:00,2040.1
2025-11-23 19:00:00,3391.7
2025-10-25 05:00:00,2163.7
2025-09-06 15:00:00,2977.3
2025-03-28 06:00:00,2213.7
2025-05-11 14:00:00,3117.6
2025-08-04 00:00:00,2371.0
2025-10-24 00:00:00,2285.5
2025-04-04 10:00:00,3224.6
2025-03-03 10:00:00,3009.2
2025-10-15 13:00:00,2992.6
2025-03-20 17:00:00,3196.7
2025-05-24 03:00:00,2388.0
2025-10-29 06:00:00,2275.8
2025-10-23 13:00:00,3017.0
2025-06-04 09:00:00,3012.5
2025-03-26 05:00:00,2149.6
2025-06-17 12:00:00,2985.1
2025-11-01 07:00:00,2312.1
2025-10-04 15:00:00,2979.2
2025-10-25 22:00:00,3130.8
2025-04-21 18:00:00,3244.5
2025-02-17 02:00:00,2054.6
2025-08-22 20:00:00,
2025-03-17 19:00:00,3502.5
2025-08-26 19:00:00,3534.8
2025-06-29 22:00:00,3106.9
2025-12-17 07:00:00,2341.3
2025-06-22 16:00:00,3062.9
2025-07-14 13:00:00,3022.6
2025-02-21 12:00:00,2638.8
2025-12-26 01:00:00,2166.5
2025-03-19 08:00:00,2564.5
2025-04-06 02:00:00,2338.5
2025-09-21 03:00:00,2121.7
2025-12-05 03:00:00,2047.1
2025-06-20 13:00:00,2992.3
2025-11-05 21:00:00,3363.2
2025-08-05 16:00:00,3166.5
2025-11-25 15:00:00,3120.6
2025-01-17 02:00:00,1758.6
2025-03-09 20:00:00,3565.6
2025-05-30 09:00:00,3010.5
2025-08-24 12:00:00,2680.3
2025-04-24 02:00:00,2340.0
2025-08-17 04:00:00,2045.1
2025-10-04 01:00:00,2269.6
2025-12-05 06:00:00,2076.1
2025-05-13 21:00:00,3584.4
2025-12-30 20:00:00,3568.2
2025-06-29 09:00:00,2779.3
2025-02-07 21:00:00,3149.1
2025-10-20 17:00:00,3103.1
2025-03-19 18:00:00,3196.5
2025-03-18 18:00:00,3254.2
2025-04-15 01:00:00,2436.4
2025-11-13 11:00:00,2849.7
2025-09-09 05:00:00,2041.0
2025-12-24 15:00:00,3129.9
2025-07-30 14:00:00,3014.5
2025-06-16 22:00:00,3198.8
2025-04-23 14:00:00,3248.0
2025-11-14 20:00:00,3579.4
2025-01-14 19:00:00,3072.0
2025-08-16 06:00:00,2357.8
2025-12-30 11:00:00,3055.9
2025-09-17 00:00:00,2282.6
2025-09-22 18:00:00,3289.9
2025-04-13 11:00:00,2857.6
2025-03-15 22:00:00,3159.4
2025-08-30 14:00:00,2927.5
2025-09-11 14:00:00,3066.2
2025-04-22 22:00:00,3250.3
2025-11-22 22:00:00,3056.1
2025-11-11 02:00:00,2150.7
2025-09-28 07:00:00,2477.4
2025-10-12 18:00:00,3245.7
2025-10-26 00:00:00,2356.4
2025-12-30 06:00:00,2120.2
2025-10-04 12:00:00,2756.9
2025-10-19 08:00:00,2395.7
2025-01-08 05:00:00,1891.4
2025-11-29 15:00:00,2935.1
2025-07-12 07:00:00,2389.8
2025-05-19 09:00:00,3058.1
2025-08-14 00:00:00,2270.9
2025-05-21 12:00:00,3046.6
2025-05-18 23:00:00,3011.1
2025-11-07 20:00:00,3427.5
2025-08-30 06:00:00,2246.6
2025-10-31 04:00:00,2155.3
2025-09-16 22:00:00,3197.6
2025-07-14 23:00:00,2988.6
2025-05-22 19:00:00,3675.1
2025-01-01 18:00:00,2974.4
2025-06-03 19:00:00,3524.2
2025-10-20 11:00:00,3074.7
2025-06-20 16:00:00,3239.9
2025-06-01 04:00:00,2192.6
2025-11-03 02:00:00,2109.8
2025-04-01 14:00:00,3077.1
2025-02-26 12:00:00,2722.6
2025-07-28 10:00:00,3156.4
2025-08-23 22:00:00,3052.0
2025-12-13 12:00:00,2634.1
2025-05-10 16:00:00,3008.2
2025-01-08 14:00:00,2789.1
2025-10-30 03:00:00,2157.5
2025-12-21 04:00:00,2079.1
2025-03-17 12:00:00,2813.7
2025-09-08 08:00:00,2693.0
2025-10-14 03:00:00,2240.4
2025-07-24 16:00:00,3113.8
2025-03-17 00:00:00,2431.3
2025-04-12 05:00:00,2148.9
2025-10-26 16:00:00,2894.1
2025-11-25 11:00:00,2961.5
2025-12-15 07:00:00,2374.2
2025-09-27 22:00:00,3232.7
2025-09-16 07:00:00,2483.2
2025-11-28 00:00:00,2355.5
2025-07-27 19:00:00,3506.4
2025-12-23 00:00:00,2229.5
2025-07-13 18:00:00,3210.8
2025-02-18 07:00:00,2219.4
2025-02-20 13:00:00,2637.0
2025-12-21 10:00:00,2731.5
2025-02-25 05:00:00,1968.9
2025-10-27 00:00:00,2485.9
2025-08-30 02:00:00,2171.5
2025-07-19 20:00:00,3606.1
2025-03-02 15:00:00,3006.3
2025-08-15 23:00:00,2817.5
2025-07-26 18:00:00,3141.3
2025-10-24 02:00:00,2093.1
2025-03-10 12:00:00,2844.4
2025-03-31 04:00:00,2114.5
2025-07-09 00:00:00,2303.4
2025-07-05 17:00:00,2957.4
2025-11-09 10:00:00,2856.5
2025-07-02 10:00:00,3041.8
2025-01-31 09:00:00,2674.0
2025-07-01 13:00:00,2927.5
2025-11-30 06:00:00,2253.4
2025-03-22 16:00:00,3048.1
2025-06-08 01:00:00,2411.0
2025-06-05 16:00:00,3220.2
2025-11-30 01:00:00,2257.2
2025-10-04 13:00:00,2716.3
2025-02-16 06:00:00,2104.6
2025-11-11 05:00:00,2063.2
2025-05-05 22:00:00,3347.8
2025-04-10 18:00:00,3332.5
2025-02-19 09:00:00,2613.2
2025-03-25 15:00:00,3083.6
2025-01-09 01:00:00,1923.2
2025-11-05 23:00:00,2730.8
2025-01-25 02:00:00,1842.9
2025-02-02 03:00:00,1956.1
2025-04-10 19:00:00,3538.5
2025-03-03 14:00:00,2854.2
2025-03-18 22:00:00,3104.6
2025-11-20 08:00:00,2550.7
2025-06-28 02:00:00,2277.8
2025-06-05 20:00:00,3669.2
2025-07-11 16:00:00,3121.1
2025-09-06 22:00:00,3100.0
2025-09-15 18:00:00,3345.5
2025-07-24 19:00:00,3463.5
2025-03-28 09:00:00,2873.0
2025-07-18 02:00:00,2229.8
2025-03-21 00:00:00,2396.9
2025-10-13 01:00:00,2327.1
2025-06-02 11:00:00,3034.8
2025-04-10 03:00:00,2373.7
2025-03-02 07:00:00,2413.8
2025-01-15 06:00:00,1958.8
2025-08-02 15:00:00,2909.6
2025-12-07 22:00:00,3025.8
2025-04-16 07:00:00,2532.2
2025-01-31 07:00:00,2259.6
2025-07-10 17:00:00,3151.2
2025-02-10 16:00:00,2949.5
2025-10-01 06:00:00,2227.3
2025-05-27 12:00:00,3146.0
2025-09-11 07:00:00,2417.4
2025-12-24 04:00:00,2100.2
2025-06-14 04:00:00,2179.9
2025-02-24 03:00:00,1879.4
2025-02-26 04:00:00,1972.9
2025-01-28 12:00:00,2675.2
2025-03-04 04:00:00,2105.5
2025-09-19 02:00:00,2325.9
2025-09-27 16:00:00,2950.4
2025-12-12 04:00:00,2014.7
2025-08-03 18:00:00,3195.5
2025-04-07 11:00:00,3055.8
2025-12-17 15:00:00,3022.5
2025-12-16 06:00:00,2124.4
2025-02-15 05:00:00,1924.8
2025-04-16 04:00:00,2324.4
2025-12-20 06:00:00,2109.1
2025-08-12 22:00:00,3161.6
2025-05-14 06:00:00,2418.5
2025-09-20 11:00:00,2845.9
2025-09-21 02:00:00,2121.4
2025-01-03 19:00:00,3186.8
2025-11-04 07:00:00,2339.2
2025-04-05 13:00:00,2880.1
2025-11-19 19:00:00,3495.6
2025-08-22 11:00:00,3036.8
2025-12-08 23:00:00,2716.7
2025-12-30 18:00:00,3140.7
2025-08-10 18:00:00,3223.7
2025-05-24 15:00:00,3207.5
2025-04-09 15:00:00,3327.9
2025-08-19 03:00:00,2183.4
2025-09-17 02:00:00,2130.7
2025-04-15 16:00:00,2815.7
2025-04-24 11:00:00,3165.8
2025-11-25 23:00:00,2693.4
2025-10-14 13:00:00,3048.7
2025-02-17 15:00:00,3005.8
2025-12-22 05:00:00,2055.2
2025-08-18 22:00:00,3252.6
2025-09-24 10:00:00,3046.7
2025-11-28 08:00:00,2560.2
2025-07-17 00:00:00,2369.1
2025-08-29 09:00:00,2910.2
2025-06-07 21:00:00,3569.4
2025-04-03 12:00:00,2999.8
2025-07-31 11:00:00,2975.3
2025-04-08 03:00:00,2212.9
2025-08-13 18:00:00,3329.1
2025-09-11 21:00:00,3552.4
2025-09-14 03:00:00,2136.2
2025-12-06 08:00:00,2482.9
2025-06-20 08:00:00,2843.5
2025-03-23 23:00:00,2865.5
2025-12-17 06:00:00,2120.4
2025-10-30 13:00:00,3010.8
2025-12-16 14:00:00,2980.3
2025-07-01 21:00:00,3485.7
2025-01-18 15:00:00,2624.5
2025-12-23 16:00:00,2940.2
2025-03-21 08:00:00,2623.8
2025-01-25 19:00:00,3027.6
2025-06-13 05:00:00,2251.6
2025-05-31 18:00:00,3355.9
2025-02-04 23:00:00,2606.6
2025-07-11 12:00:00,2943.8
2025-08-27 04:00:00,1995.8
2025-01-06 21:00:00,3128.7
2025-11-16 03:00:00,2228.7
2025-02-27 09:00:00,2779.6
2025-06-03 02:00:00,2322.9
2025-11-08 12:00:00,2585.4
2025-12-28 03:00:00,2120.6
2025-07-17 13:00:00,3030.5
2025-06-08 16:00:00,3152.5
2025-02-17 10:00:00,2898.0
2025-04-05 01:00:00,2420.3
2025-09-08 04:00:00,2069.9
2025-03-16 11:00:00,2689.3
2025-06-14 02:00:00,2244.7
2025-09-09 02:00:00,2163.4
2025-07-13 14:00:00,2883.3
2025-01-20 03:00:00,1979.9
2025-12-14 23:00:00,2669.5
2025-02-09 12:00:00,2549.1
2025-06-04 04:00:00,2136.9
2025-02-25 16:00:00,2953.6
2025-07-12 20:00:00,3567.1
2025-11-04 20:00:00,3540.0
2025-03-08 18:00:00,3061.5
2025-04-04 06:00:00,2445.1
2025-01-27 15:00:00,2921.5
2025-12-25 09:00:00,2725.1
2025-06-09 14:00:00,3095.6
2025-12-09 13:00:00,2857.0
2025-11-26 03:00:00,1979.6
2025-09-25 21:00:00,3377.8
2025-03-23 14:00:00,2848.7
2025-02-14 14:00:00,2838.0
2025-01-07 11:00:00,2699.7
2025-04-06 15:00:00,3110.9
2025-09-05 06:00:00,2264.7
2025-07-10 18:00:00,3307.0
2025-02-15 09:00:00,2413.7
2025-05-03 12:00:00,2825.7
2025-11-23 16:00:00,2859.0
2025-07-02 16:00:00,3131.6
2025-02-08 18:00:00,3056.4
2025-05-02 05:00:00,2220.2
2025-12-06 17:00:00,2916.5
2025-02-07 07:00:00,2115.0
2025-05-16 07:00:00,2697.9
2025-04-07 22:00:00,3304.8
2025-10-15 14:00:00,3035.7
2025-08-30 03:00:00,2168.5
2025-10-11 22:00:00,3036.7
2025-07-29 22:00:00,3296.7
2025-06-22 08:00:00,2729.8
2025-11-30 11:00:00,2827.7
2025-03-13 11:00:00,2868.8
2025-03-12 18:00:00,3137.3
2025-12-20 15:00:00,2760.9
2025-12-30 23:00:00,2810.2
2025-09-20 04:00:00,2139.4
2025-06-09 15:00:00,3296.1
2025-05-20 12:00:00,3117.6
2025-12-14 03:00:00,2085.5
2025-02-11 01:00:00,2016.9
2025-03-17 21:00:00,3390.4
2025-12-06 22:00:00,3052.4
2025-01-25 11:00:00,2606.6
2025-12-23 01:00:00,2178.1
2025-07-31 13:00:00,2939.4
2025-09-05 11:00:00,2972.8
2025-09-27 02:00:00,2188.5
2025-12-14 07:00:00,2332.0
2025-12-30 19:00:00,3502.0
2025-08-17 11:00:00,2772.6
2025-09-04 07:00:00,2341.0
2025-08-18 18:00:00,3267.1
2025-11-03 18:00:00,3141.7
2025-05-29 05:00:00,2287.9
2025-02-28 03:00:00,1902.0
2025-01-12 00:00:00,2222.1
2025-05-28 19:00:00,3684.5
2025-08-31 15:00:00,3001.1
2025-05-08 21:00:00,3657.5
2025-07-29 09:00:00,2922.0
2025-10-01 15:00:00,3068.7
2025-06-11 00:00:00,2424.3
2025-11-17 21:00:00,3516.4
2025-04-11 00:00:00,2449.5
2025-10-08 01:00:00,2349.1
2025-06-04 15:00:00,3180.6
2025-01-11 06:00:00,1913.7
2025-03-08 10:00:00,2707.1
2025-03-05 17:00:00,3058.3
2025-09-20 03:00:00,2120.9
2025-02-08 11:00:00,2601.5
2025-11-01 03:00:00,2008.0
2025-07-01 20:00:00,3675.8
2025-01-28 21:00:00,3112.0
2025-05-31 04:00:00,2225.9
2025-08-01 20:00:00,3597.7
2025-03-21 14:00:00,3140.9
2025-12-16 05:00:00,2183.4
2025-08-07 16:00:00,3109.2
2025-06-14 22:00:00,3248.0
2025-04-23 08:00:00,2761.4
2025-04-18 23:00:00,2952.3
2025-03-16 05:00:00,2112.6
2025-05-06 13:00:00,3023.3
2025-04-07 03:00:00,2253.7
2025-08-20 12:00:00,2901.7
2025-06-03 18:00:00,3364.5
2025-01-29 15:00:00,2928.4
2025-01-26 12:00:00,2547.6
2025-09-01 02:00:00,2239.7
2025-05-14 08:00:00,2919.7
2025-04-05 11:00:00,2911.0
2025-12-23 23:00:00,2643.3
2025-10-22 05:00:00,2120.5
2025-03-21 02:00:00,2145.5
2025-12-28 11:00:00,2770.5
2025-01-11 18:00:00,2822.0
2025-05-02 20:00:00,3662.9
2025-07-25 23:00:00,2819.1
2025-04-28 14:00:00,3069.6
2025-05-20 03:00:00,2261.4
2025-05-27 21:00:00,3657.6
2025-07-10 03:00:00,2211.0
2025-08-11 01:00:00,2315.7
2025-08-06 15:00:00,3202.9
2025-04-06 05:00:00,2229.2
2025-11-23 11:00:00,2721.6
2025-11-06 06:00:00,2187.7
2025-01-21 04:00:00,1838.7
2025-04-03 03:00:00,2214.2
2025-08-14 16:00:00,3087.2
2025-08-29 10:00:00,3028.5
2025-04-17 11:00:00,3093.3
2025-01-01 07:00:00,2163.2
2025-06-02 09:00:00,2993.7
2025-11-24 11:00:00,2898.7
2025-07-23 02:00:00,2251.3
2025-07-03 10:00:00,3029.9
2025-08-20 02:00:00,2296.6
2025-11-09 05:00:00,2119.6
2025-04-12 02:00:00,2245.6
2025-03-17 14:00:00,2963.4
2025-12-18 01:00:00,2219.2
2025-04-05 18:00:00,3372.9
2025-02-12 03:00:00,2038.3
2025-09-20 12:00:00,2722.4
2025-02-14 11:00:00,2757.1
2025-03-24 23:00:00,2918.5
2025-06-15 10:00:00,2967.2
2025-11-17 22:00:00,3030.9
2025-12-23 14:00:00,2865.2
2025-12-03 17:00:00,
2025-12-05 19:00:00,3355.9
2025-06-11 03:00:00,2156.7
2025-12-10 08:00:00,2417.8
2025-05-08 00:00:00,2602.4
2025-02-02 13:00:00,2557.0
2025-04-22 11:00:00,3078.3
2025-03-14 21:00:00,3544.9
2025-04-27 07:00:00,2631.2
2025-07-27 11:00:00,2853.8
2025-02-15 11:00:00,2563.4
2025-09-25 19:00:00,3432.7
2025-11-23 14:00:00,2718.1
2025-11-25 21:00:00,3324.1
2025-11-10 20:00:00,3542.6
2025-07-30 15:00:00,3188.2
2025-04-19 16:00:00,3164.6
2025-11-13 22:00:00,3142.2
2025-04-06 10:00:00,2942.6
2025-03-13 23:00:00,2750.2
2025-01-26 10:00:00,2617.9
2025-07-14 10:00:00,3181.8
2025-09-30 07:00:00,2494.9
2025-01-15 07:00:00,2176.6
2025-09-28 23:00:00,2830.5
2025-10-29 14:00:00,3002.8
2025-06-06 06:00:00,2442.6
2025-10-05 09:00:00,2693.5
2025-12-04 07:00:00,2223.9
2025-05-14 23:00:00,2975.4
2025-01-05 01:00:00,1939.6
2025-09-01 20:00:00,3580.5
2025-08-04 16:00:00,3097.1
2025-03-06 01:00:00,2315.3
2025-05-30 12:00:00,3145.9
2025-09-14 13:00:00,2739.5
2025-06-02 00:00:00,2557.3
2025-12-27 20:00:00,3535.3
2025-08-29 01:00:00,2356.1
2025-03-05 05:00:00,2112.6
2025-07-30 21:00:00,3534.2
2025-12-07 06:00:00,2097.8
2025-07-12 16:00:00,2931.4
2025-06-28 00:00:00,2469.2
2025-06-02 21:00:00,3619.2
2025-03-29 02:00:00,2151.7
2025-01-24 20:00:00,3326.5
2025-12-15 15:00:00,3167.4
2025-10-21 08:00:00,2708.4
2025-11-17 23:00:00,2858.7
2025-05-08 14:00:00,3228.8
2025-09-22 10:00:00,2999.9
2025-10-08 10:00:00,3018.9
2025-09-09 21:00:00,3409.6
2025-09-09 01:00:00,2303.8
2025-09-17 15:00:00,3147.0
2025-07-06 15:00:00,3019.2
2025-12-07 16:00:00,2916.4
2025-01-16 10:00:00,2794.3
2025-03-22 18:00:00,3254.4
2025-10-02 03:00:00,2090.1
2025-11-30 08:00:00,2340.5
2025-06-02 22:00:00,3289.7
2025-06-02 04:00:00,2259.0
2025-08-05 17:00:00,3260.1
2025-04-09 09:00:00,2961.2
2025-06-27 12:00:00,2946.6
2025-08-15 08:00:00,2694.0
2025-07-27 23:00:00,2891.4
2025-10-02 14:00:00,3006.0
2025-12-11 23:00:00,2784.5
2025-06-05 17:00:00,3321.2
2025-08-27 21:00:00,3387.2
2025-09-25 08:00:00,2594.1
2025-12-18 12:00:00,2878.3
2025-08-21 23:00:00,2805.3
2025-02-18 19:00:00,3413.1
2025-09-10 09:00:00,2950.8
2025-03-01 06:00:00,2339.9
2025-12-11 08:00:00,2517.2
2025-12-07 07:00:00,2399.1
2025-09-12 17:00:00,3135.4
2025-11-24 07:00:00,2302.2
2025-02-06 10:00:00,2828.8
2025-04-06 17:00:00,3143.6
2025-04-21 03:00:00,2282.7
2025-12-01 15:00:00,3043.8
2025-08-11 19:00:00,3512.5
2025-02-05 00:00:00,2139.3
2025-12-29 18:00:00,3091.8
2025-01-25 05:00:00,1943.7
2025-01-09 12:00:00,2667.2
2025-03-10 09:00:00,2839.5
2025-03-25 22:00:00,3119.1
2025-05-16 13:00:00,3128.3
2025-08-28 13:00:00,2942.6
2025-02-07 17:00:00,2859.2
2025-01-27 07:00:00,2113.0
2025-10-03 01:00:00,2206.5
2025-12-02 18:00:00,3228.2
2025-03-24 06:00:00,2345.9
2025-01-07 18:00:00,2997.5
2025-07-28 06:00:00,2295.6
2025-09-22 14:00:00,3066.5
2025-12-11 12:00:00,2725.1
2025-09-04 21:00:00,3316.0
2025-07-16 09:00:00,2910.2
2025-02-06 11:00:00,2856.0
2025-03-01 15:00:00,2935.3
2025-07-13 11:00:00,2873.0
2025-07-31 16:00:00,3190.3
2025-11-22 09:00:00,2571.3
2025-08-31 07:00:00,2477.6
2025-09-24 09:00:00,2890.5
2025-12-11 02:00:00,2166.1
2025-04-30 00:00:00,2607.0
2025-03-19 13:00:00,2895.0
2025-04-21 19:00:00,3602.1
2025-05-22 00:00:00,2496.2
2025-12-15 19:00:00,3417.4
2025-12-23 18:00:00,2951.2
2025-09-14 17:00:00,2953.0
2025-09-28 06:00:00,2323.0
2025-07-17 05:00:00,2192.9
2025-05-19 19:00:00,3682.0
2025-12-14 11:00:00,2706.0
2025-11-23 01:00:00,2238.1
2025-09-28 05:00:00,2123.0
2025-03-29 08:00:00,2499.8
2025-03-25 11:00:00,2968.4
2025-11-14 16:00:00,3052.3
2025-09-21 13:00:00,2641.9
2025-07-29 01:00:00,2273.3
2025-01-23 18:00:00,2847.7
2025-03-02 09:00:00,2801.8
2025-09-26 19:00:00,3575.7
2025-04-19 18:00:00,3375.4
2025-03-21 04:00:00,2137.0
2025-11-10 13:00:00,2894.1
2025-04-25 21:00:00,3605.1
2025-03-20 13:00:00,2944.1
2025-12-25 12:00:00,2805.1
2025-08-28 02:00:00,2245.7
2025-11-22 13:00:00,2790.8
2025-03-29 09:00:00,2730.3
2025-12-03 00:00:00,2319.3
2025-08-26 04:00:00,2088.3
2025-01-21 19:00:00,3191.8
2025-08-23 08:00:00,2415.9
2025-02-04 20:00:00,3437.0
2025-05-25 15:00:00,3095.5
2025-07-15 17:00:00,3078.9
2025-11-04 14:00:00,2842.5
2025-04-01 11:00:00,3143.4
2025-11-29 00:00:00,2264.1
2025-08-25 14:00:00,3018.6
2025-12-29 10:00:00,2969.8
2025-01-17 14:00:00,2667.7
2025-03-25 18:00:00,3230.8
2025-08-04 06:00:00,2242.3
2025-12-24 08:00:00,2686.8
2025-02-23 11:00:00,2788.0
2025-12-07 00:00:00,2316.4
2025-10-11 04:00:00,2026.7
2025-06-27 08:00:00,2673.9
2025-03-18 12:00:00,2875.2
2025-11-17 13:00:00,2917.9
2025-02-12 11:00:00,2892.0
2025-10-08 05:00:00,2155.9
2025-02-25 06:00:00,2024.7
2025-08-29 11:00:00,3032.0
2025-01-20 19:00:00,3214.5
2025-04-28 02:00:00,2348.8
2025-10-18 17:00:00,2973.1
2025-03-10 19:00:00,3496.8
2025-12-17 12:00:00,2799.8
2025-11-27 02:00:00,2219.4
2025-04-16 08:00:00,2501.7
2025-02-20 06:00:00,1996.4
2025-09-09 22:00:00,3115.7
2025-08-16 21:00:00,3471.9
2025-12-09 03:00:00,2169.2
2025-10-25 14:00:00,2778.4
2025-09-02 19:00:00,3568.7
2025-02-06 03:00:00,1925.3
2025-05-04 22:00:00,3222.8
2025-08-07 04:00:00,2062.1
2025-08-01 05:00:00,2093.1
2025-08-15 09:00:00,2887.6
2025-01-23 13:00:00,2522.7
2025-08-05 11:00:00,3053.6
2025-02-17 04:00:00,1922.7
2025-12-26 02:00:00,2064.6
2025-11-01 21:00:00,3375.1
2025-05-22 06:00:00,2534.5
2025-10-06 16:00:00,3091.9
2025-05-04 10:00:00,3095.0
2025-06-23 03:00:00,2235.9
2025-05-16 19:00:00,3662.2
2025-11-22 16:00:00,2905.7
2025-12-29 17:00:00,3069.7
2025-04-18 15:00:00,3234.6
2025-04-28 05:00:00,2258.3
2025-10-27 23:00:00,2889.5
2025-12-01 16:00:00,2921.3
2025-08-04 14:00:00,3133.9
2025-09-24 22:00:00,3208.9
2025-05-30 10:00:00,3214.4
2025-11-28 19:00:00,3458.2
2025-09-11 16:00:00,3189.0
2025-11-25 16:00:00,3076.1
2025-04-20 14:00:00,2954.2
2025-11-06 14:00:00,3005.4
2025-09-05 07:00:00,2355.6
2025-07-29 20:00:00,3634.0
2025-02-15 00:00:00,2082.6
2025-06-28 11:00:00,2813.4
2025-03-28 21:00:00,3377.1
2025-04-13 04:00:00,2209.6
2025-07-26 22:00:00,3074.4
2025-03-26 07:00:00,2482.7
2025-09-14 05:00:00,2130.0
2025-11-11 21:00:00,3352.3
2025-10-25 04:00:00,1940.9
2025-01-10 10:00:00,2762.9
2025-02-12 05:00:00,2070.9
2025-03-22 09:00:00,2748.0
2025-10-01 10:00:00,3027.7
2025-08-07 19:00:00,3475.1
2025-02-28 12:00:00,2703.7
2025-04-01 19:00:00,3604.0
2025-01-30 01:00:00,1950.6
2025-02-16 20:00:00,3358.9
2025-06-12 07:00:00,2534.1
2025-09-19 15:00:00,3223.6
2025-08-01 22:00:00,3209.9
2025-03-16 02:00:00,2116.4
2025-09-05 14:00:00,2943.0
2025-04-20 18:00:00,3248.1
2025-05-26 09:00:00,2994.8
2025-10-13 11:00:00,2945.0
2025-02-13 05:00:00,1972.6
2025-04-05 00:00:00,2413.3
2025-09-17 18:00:00,3180.8
2025-04-19 21:00:00,3567.9
2025-01-14 01:00:00,2004.2
2025-04-21 09:00:00,2994.0
2025-04-06 01:00:00,2334.3
2025-12-16 01:00:00,2207.8
2025-04-17 03:00:00,2247.3
2025-08-18 16:00:00,3043.8
2025-08-02 20:00:00,3574.0
2025-03-31 23:00:00,2683.0
2025-05-11 17:00:00,3072.5
2025-11-18 09:00:00,2883.4
2025-09-01 18:00:00,3231.0
2025-06-15 07:00:00,2615.3
2025-03-01 12:00:00,2789.2
2025-10-03 04:00:00,2100.9
2025-04-16 00:00:00,2523.4
2025-09-07 06:00:00,2307.9
2025-10-08 07:00:00,2453.3
2025-12-29 19:00:00,3370.1
2025-11-04 13:00:00,2887.8
2025-08-22 10:00:00,2948.2
2025-01-19 16:00:00,2670.1
2025-12-15 18:00:00,3206.1
2025-02-23 12:00:00,2702.2
2025-06-05 07:00:00,2580.8
2025-01-16 01:00:00,1964.4
2025-08-06 22:00:00,3184.8
2025-11-08 14:00:00,2845.8
2025-11-05 04:00:00,2156.7
2025-08-03 13:00:00,2767.3
2025-04-13 12:00:00,2897.7
2025-01-01 22:00:00,2867.3
2025-03-28 02:00:00,2227.5
2025-03-10 21:00:00,3453.1
2025-01-30 06:00:00,2019.1
2025-10-08 09:00:00,2897.8
2025-04-25 07:00:00,2562.7
2025-02-27 08:00:00,2514.4
2025-11-11 09:00:00,2784.6
2025-04-13 20:00:00,3617.6
2025-06-06 10:00:00,3256.3
2025-04-07 21:00:00,3604.0
2025-01-20 04:00:00,1804.3
2025-08-04 03:00:00,2090.4
2025-06-24 07:00:00,2540.6
2025-11-14 10:00:00,3048.1
2025-06-20 02:00:00,2330.7
2025-03-03 22:00:00,3045.6
2025-06-03 06:00:00,2352.4
2025-01-12 18:00:00,2917.5
2025-07-09 22:00:00,3097.6
2025-06-29 12:00:00,2757.0
2025-07-22 17:00:00,3157.7
2025-05-28 09:00:00,2981.3
2025-10-15 20:00:00,3676.8
2025-04-18 13:00:00,3062.1
2025-02-27 00:00:00,2283.7
2025-12-12 06:00:00,2254.8
2025-09-18 09:00:00,2881.2
2025-01-25 21:00:00,3089.4
2025-07-01 07:00:00,2460.1
2025-11-11 04:00:00,2031.9
2025-07-18 06:00:00,2197.3
2025-01-27 22:00:00,2767.3
2025-12-20 21:00:00,3297.9
2025-09-10 18:00:00,3283.0
2025-05-25 12:00:00,2892.4
2025-09-05 22:00:00,2995.7
2025-05-05 14:00:00,3112.7
2025-12-10 00:00:00,2198.4
2025-07-23 03:00:00,2305.7
2025-04-17 00:00:00,2571.6
2025-10-15 19:00:00,3602.1
2025-08-11 13:00:00,2998.6
2025-11-04 21:00:00,3381.9
2025-06-19 10:00:00,3121.3
2025-06-16 04:00:00,2255.2
2025-04-01 00:00:00,2504.1
2025-01-29 13:00:00,2670.0
2025-09-05 12:00:00,2945.1
2025-05-16 03:00:00,2375.7
2025-10-06 15:00:00,3107.4
2025-11-18 16:00:00,2988.9
2025-06-20 03:00:00,2342.6
2025-04-29 05:00:00,2328.7
2025-06-04 01:00:00,2235.9
2025-07-25 21:00:00,3423.4
2025-12-28 06:00:00,2115.0
2025-08-30 00:00:00,2457.7
2025-06-18 08:00:00,2799.9
2025-04-03 22:00:00,3204.8
2025-10-10 17:00:00,3141.8
2025-04-07 16:00:00,3118.5
2025-07-23 06:00:00,2308.2
2025-01-22 17:00:00,2888.9
2025-01-22 18:00:00,3023.5
2025-08-11 17:00:00,3215.8
2025-10-29 22:00:00,3213.5
2025-11-08 05:00:00,2030.5
2025-11-08 01:00:00,2166.6
2025-10-20 02:00:00,2230.0
2025-02-02 12:00:00,2441.5
2025-10-30 11:00:00,2989.7
2025-09-20 18:00:00,3319.7
2025-08-22 15:00:00,3094.1
2025-01-28 03:00:00,1945.3
2025-10-16 19:00:00,3469.9
2025-04-02 12:00:00,3100.9
2025-10-02 21:00:00,3441.4
2025-01-16 09:00:00,2499.9
2025-09-12 04:00:00,2150.9
2025-06-25 14:00:00,3110.6
2025-01-16 17:00:00,2838.5
2025-12-12 10:00:00,3031.9
2025-04-03 08:00:00,2779.5
2025-10-22 16:00:00,3041.9
2025-03-09 05:00:00,2164.3
2025-03-18 03:00:00,2140.1
2025-06-01 08:00:00,2500.9
2025-02-10 02:00:00,2004.1
2025-05-05 17:00:00,3327.2
2025-12-19 21:00:00,3359.3
2025-10-22 22:00:00,3167.1
2025-09-20 19:00:00,3530.4
2025-01-15 23:00:00,2524.0
2025-06-09 23:00:00,2886.8
2025-11-09 08:00:00,2468.9
2025-02-21 22:00:00,3016.2
2025-09-28 08:00:00,2593.7
2025-07-31 23:00:00,2879.8
2025-06-03 22:00:00,3168.0
2025-12-02 02:00:00,2182.1
2025-10-11 23:00:00,2820.8
2025-04-17 23:00:00,2868.1
2025-05-23 15:00:00,3235.1
2025-03-26 21:00:00,3394.2
2025-02-02 04:00:00,1932.4
2025-08-13 04:00:00,2091.5
2025-12-15 21:00:00,3480.3
2025-05-29 10:00:00,3235.4
2025-01-24 10:00:00,2802.7
2025-04-17 02:00:00,2319.5
2025-08-18 14:00:00,2949.7
2025-08-11 02:00:00,2316.9
2025-10-05 04:00:00,2038.8
2025-07-08 19:00:00,3420.7
2025-03-11 18:00:00,3171.3
2025-01-16 05:00:00,1836.1
2025-09-12 15:00:00,3161.7
2025-09-08 20:00:00,3616.2
2025-06-30 07:00:00,2528.3
2025-01-07 03:00:00,1914.2
2025-12-28 01:00:00,2251.7
2025-05-09 16:00:00,3354.7
2025-11-01 23:00:00,2720.5
2025-01-17 23:00:00,2468.1
2025-12-16 12:00:00,2891.0
2025-05-25 00:00:00,2528.1
2025-06-24 06:00:00,2371.3
2025-05-30 00:00:00,2559.2
2025-05-17 07:00:00,2586.7
2025-07-25 20:00:00,3641.9
2025-02-12 23:00:00,2565.0
2025-09-11 20:00:00,3644.0
2025-12-25 00:00:00,2316.8
2025-02-05 15:00:00,3033.7
2025-06-13 14:00:00,3176.4
2025-01-04 06:00:00,1874.4
2025-04-04 15:00:00,3234.8
2025-10-14 21:00:00,3530.0
2025-12-30 05:00:00,2060.7
2025-12-16 00:00:00,2322.9
2025-10-27 04:00:00,2175.0
2025-09-24 17:00:00,3171.2
2025-02-02 20:00:00,3302.9
2025-04-05 23:00:00,2912.9
2025-06-20 15:00:00,3221.2
2025-06-12 09:00:00,2934.7
2025-09-10 12:00:00,2931.1
2025-11-18 04:00:00,2052.5
2025-06-01 07:00:00,2519.8
2025-11-06 23:00:00,2701.1
2025-01-18 16:00:00,2511.5
2025-01-17 08:00:00,2340.3
2025-12-07 10:00:00,2662.4
2025-01-01 16:00:00,2815.7
2025-06-25 00:00:00,2461.5
2025-04-22 08:00:00,2736.8
2025-04-12 20:00:00,3650.3
2025-09-20 02:00:00,2289.3
2025-05-26 13:00:00,3000.2
2025-03-02 19:00:00,3351.4
2025-10-07 16:00:00,3039.3
2025-10-10 10:00:00,3128.8
2025-09-19 22:00:00,3214.5
2025-09-15 08:00:00,2638.3
2025-06-09 19:00:00,3733.1
2025-12-04 17:00:00,3037.0
2025-08-25 19:00:00,3440.5
2025-10-27 07:00:00,2434.2
2025-08-31 19:00:00,3565.7
2025-12-22 17:00:00,3032.3
2025-07-16 20:00:00,3698.0
2025-10-28 03:00:00,2021.5
2025-09-03 07:00:00,2477.5
2025-04-09 03:00:00,2240.9
2025-09-09 12:00:00,2904.2
2025-07-19 22:00:00,3153.3
2025-04-12 18:00:00,3352.9
2025-09-20 08:00:00,2528.5
2025-07-11 08:00:00,2719.2
2025-10-28 20:00:00,3541.6
2025-01-20 08:00:00,2415.4
2025-01-07 19:00:00,3275.8
2025-12-01 08:00:00,2633.5
2025-12-10 23:00:00,2835.2
2025-12-23 19:00:00,3203.5
2025-01-11 01:00:00,1955.5
2025-03-25 17:00:00,3128.1
2025-05-09 12:00:00,3145.5
2025-02-07 12:00:00,2613.9
2025-08-19 22:00:00,3074.5
2025-10-23 23:00:00,2861.9
2025-10-30 15:00:00,3160.1
2025-07-21 13:00:00,3018.0
2025-04-06 13:00:00,2915.8
2025-09-11 09:00:00,3018.8
2025-07-06 17:00:00,3017.7
2025-08-09 22:00:00,3130.8
2025-07-11 21:00:00,3588.5
2025-06-04 20:00:00,3669.2
2025-11-17 20:00:00,3618.3
2025-03-15 12:00:00,2726.2
2025-03-06 13:00:00,2857.1
2025-05-07 05:00:00,2255.9
2025-10-20 10:00:00,2989.8
2025-03-27 04:00:00,2071.6
2025-02-01 23:00:00,2548.6
2025-08-26 05:00:00,2216.8
2025-03-04 20:00:00,3573.2
2025-05-18 14:00:00,3054.0
2025-07-08 05:00:00,2064.4
2025-06-25 19:00:00,3605.6
2025-11-18 08:00:00,2532.7
2025-09-29 06:00:00,2363.4
2025-05-18 04:00:00,2267.3
2025-02-04 03:00:00,1858.8
2025-02-28 11:00:00,2847.3
2025-02-27 14:00:00,2922.3
2025-03-31 12:00:00,2953.5
2025-08-25 07:00:00,2410.5
2025-03-10 06:00:00,2224.0
2025-09-03 11:00:00,3111.8
2025-01-26 08:00:00,2177.4
2025-01-17 15:00:00,2823.1
2025-02-06 18:00:00,2985.9
2025-05-29 13:00:00,3198.1
2025-06-28 13:00:00,2786.4
2025-02-19 03:00:00,1877.3
2025-08-16 00:00:00,2514.7
2025-06-26 20:00:00,3643.7
2025-08-06 10:00:00,3075.2
2025-09-22 13:00:00,2906.9
2025-03-30 18:00:00,3301.6
2025-07-31 14:00:00,3080.6
2025-01-20 00:00:00,2287.2
2025-12-04 14:00:00,2947.0
2025-11-29 23:00:00,2685.2
2025-03-23 06:00:00,2138.2
2025-08-12 20:00:00,3555.3
2025-01-29 17:00:00,2990.1
2025-11-20 15:00:00,3092.3
2025-12-25 10:00:00,3010.9
2025-03-23 09:00:00,2679.9
2025-08-23 20:00:00,3484.8
2025-04-23 22:00:00,3297.1
2025-12-29 09:00:00,2746.2
2025-10-15 12:00:00,2915.6
2025-07-01 05:00:00,2242.7
2025-12-02 08:00:00,2643.8
2025-03-20 12:00:00,2912.9
2025-10-19 11:00:00,2806.0
2025-07-06 21:00:00,3442.6
2025-04-14 22:00:00,3042.1
2025-10-04 08:00:00,2472.2
2025-05-07 12:00:00,3017.1
2025-08-29 17:00:00,3150.7
2025-05-31 03:00:00,2365.1
2025-02-05 05:00:00,2017.3
2025-01-23 14:00:00,2795.1
2025-06-05 04:00:00,2294.4
2025-06-24 11:00:00,3145.5
2025-06-03 07:00:00,2444.4
2025-11-05 15:00:00,3144.5
2025-09-11 03:00:00,2109.9
2025-12-18 13:00:00,2782.2
2025-11-13 04:00:00,2042.3
2025-09-24 06:00:00,2171.2
2025-05-04 12:00:00,2814.3
2025-04-16 09:00:00,2712.1
2025-08-29 12:00:00,2847.2
2025-02-13 16:00:00,2986.9
2025-03-23 16:00:00,2853.9
2025-04-16 10:00:00,2881.6
2025-11-28 18:00:00,3147.5
2025-01-10 21:00:00,3100.8
2025-07-24 21:00:00,3508.1
2025-02-17 05:00:00,1964.3
2025-09-03 21:00:00,3514.3
2025-11-28 06:00:00,2218.8
2025-06-27 11:00:00,3083.4
2025-11-01 19:00:00,3313.4
2025-10-14 07:00:00,2486.4
2025-10-18 22:00:00,3125.3
2025-08-24 16:00:00,3012.7
2025-10-26 07:00:00,2461.5
2025-12-20 00:00:00,2314.4
2025-09-04 03:00:00,2142.7
2025-05-05 02:00:00,2317.8
2025-11-03 00:00:00,2312.3
2025-11-30 19:00:00,3422.7
2025-10-25 09:00:00,2651.0
2025-09-19 18:00:00,3319.6
2025-10-16 16:00:00,3106.9
2025-06-13 07:00:00,2563.8
2025-05-11 18:00:00,3459.1
2025-12-10 09:00:00,2706.5
2025-08-30 05:00:00,2174.1
2025-06-19 17:00:00,3232.4
2025-11-28 23:00:00,2800.4
2025-05-15 13:00:00,3159.2
2025-03-18 02:00:00,2169.7
2025-08-20 04:00:00,2165.6
2025-01-25 17:00:00,2704.9
2025-04-24 13:00:00,3088.9
2025-06-22 09:00:00,2886.2
2025-01-24 08:00:00,2433.0
2025-09-08 20:00:00,3583.6542
2025-09-30 21:00:00,3549.6
2025-01-11 03:00:00,1814.4
2025-08-15 11:00:00,3127.5
2025-07-04 21:00:00,3522.1
2025-09-26 21:00:00,3428.2
2025-01-17 21:00:00,3086.8
2025-03-02 02:00:00,2166.1
2025-01-11 21:00:00,3101.0
2025-12-03 23:00:00,2665.6
2025-12-14 17:00:00,2938.8
2025-03-12 09:00:00,2850.3
2025-03-13 21:00:00,3369.7
2025-11-12 09:00:00,2916.9
2025-07-25 10:00:00,3023.9
2025-09-06 10:00:00,2941.8
2025-04-15 00:00:00,2536.6
2025-09-12 10:00:00,3079.5
2025-12-19 06:00:00,2082.9
2025-01-15 04:00:00,1849.3
2025-11-12 21:00:00,3378.2
2025-03-08 17:00:00,2798.8
2025-08-29 22:00:00,3100.2
2025-07-10 16:00:00,3070.2
2025-06-05 05:00:00,2277.4
2025-04-17 12:00:00,3091.8
2025-04-27 01:00:00,2523.7
2025-03-05 11:00:00,2966.3
2025-10-16 14:00:00,3058.8
2025-04-28 23:00:00,2867.5
2025-02-12 04:00:00,2100.0
2025-10-01 01:00:00,2269.8
2025-11-09 15:00:00,2877.1
2025-03-15 14:00:00,2770.2
2025-07-09 15:00:00,3121.1
2025-06-18 05:00:00,2305.5
2025-09-23 03:00:00,2248.0
2025-11-02 13:00:00,2615.1
2025-12-26 07:00:00,2383.7
2025-12-19 01:00:00,2141.6
2025-01-16 03:00:00,1800.8
2025-08-12 15:00:00,3133.5
2025-12-30 01:00:00,2136.7
2025-10-02 11:00:00,3022.9
2025-12-11 15:00:00,3033.8
2025-07-16 21:00:00,3518.0
2025-07-05 03:00:00,2100.7
2025-11-05 05:00:00,2068.4
2025-12-16 13:00:00,2875.6
2025-04-17 18:00:00,3302.8
2025-10-19 10:00:00,2841.4
2025-12-17 05:00:00,2041.8
2025-08-18 23:00:00,2941.1
2025-12-17 14:00:00,3026.3
2025-05-09 11:00:00,3172.4
2025-05-04 07:00:00,2615.7
2025-03-29 14:00:00,2802.6
2025-01-27 08:00:00,2293.3
2025-04-14 21:00:00,3466.9
2025-04-22 01:00:00,2348.8
2025-12-28 13:00:00,2759.1
2025-07-03 14:00:00,3013.4
2025-10-12 14:00:00,2815.9
2025-10-03 07:00:00,2414.9
2025-04-08 06:00:00,2313.2
2025-10-24 17:00:00,3136.8
2025-05-31 19:00:00,3680.2
2025-08-20 17:00:00,3269.7
2025-06-11 19:00:00,3506.1
2025-09-21 06:00:00,2295.2
2025-06-25 11:00:00,3025.1
2025-12-20 09:00:00,2525.6
2025-03-04 06:00:00,2224.3
2025-04-11 01:00:00,2376.4
2025-06-11 10:00:00,3087.0
2025-02-21 08:00:00,2507.7
2025-04-21 21:00:00,3626.1
2025-04-28 09:00:00,2927.6
2025-09-22 21:00:00,3559.0
2025-04-26 14:00:00,2986.9
2025-12-25 04:00:00,2035.8
2025-11-03 21:00:00,3376.0
2025-06-23 01:00:00,2356.7
2025-10-16 15:00:00,3169.1
2025-05-08 13:00:00,3080.6
2025-11-27 05:00:00,2122.4
2025-12-30 02:00:00,2097.8
2025-03-14 07:00:00,2408.6
2025-04-28 15:00:00,3231.6
2025-10-23 04:00:00,2067.7
2025-09-24 02:00:00,2173.7
2025-04-14 03:00:00,2218.3
2025-04-17 20:00:00,3758.8
2025-12-31 10:00:00,3030.1
2025-11-22 10:00:00,2739.8
2025-10-27 03:00:00,2150.0
2025-01-30 11:00:00,2705.8
2025-05-07 22:00:00,3298.3
2025-11-26 14:00:00,2882.9
2025-08-05 05:00:00,2155.6
2025-11-17 05:00:00,2120.7
2025-08-17 00:00:00,2379.6
2025-01-04 00:00:00,2144.2
2025-09-08 18:00:00,3204.5
2025-07-05 08:00:00,2439.3
2025-09-02 04:00:00,2101.3
2025-07-21 15:00:00,3255.6
2025-06-22 03:00:00,2243.2
2025-08-01 13:00:00,2867.7
2025-02-19 14:00:00,2810.8
2025-04-19 09:00:00,2851.7
2025-02-16 21:00:00,3348.0
2025-02-21 17:00:00,3014.3
2025-09-21 21:00:00,3454.1
2025-05-31 02:00:00,2437.5
2025-11-15 21:00:00,3335.7
2025-10-18 13:00:00,2814.4
2025-05-20 15:00:00,3338.9
2025-08-01 06:00:00,2147.9
2025-06-17 00:00:00,2531.3
2025-03-07 17:00:00,3056.8
2025-06-12 18:00:00,3353.5
2025-06-05 09:00:00,2993.4
2025-07-01 14:00:00,3022.6
2025-09-04 18:00:00,3181.1
2025-02-25 23:00:00,2597.0
2025-12-31 14:00:00,3067.9
2025-10-22 11:00:00,3000.6
2025-01-19 08:00:00,2328.0
2025-02-15 20:00:00,3290.6
2025-04-20 21:00:00,3467.4
2025-10-01 12:00:00,2802.8
2025-01-28 01:00:00,2034.4
2025-03-06 10:00:00,2945.6
2025-12-23 05:00:00,2005.3
2025-10-23 10:00:00,3049.5
2025-04-29 20:00:00,3685.9
2025-05-26 23:00:00,2881.3
2025-12-14 12:00:00,2644.6
2025-01-27 06:00:00,1980.9
2025-07-18 16:00:00,3240.7
2025-02-22 01:00:00,2017.4
2025-11-17 08:00:00,2591.5
2025-01-21 02:00:00,1884.8
2025-03-08 00:00:00,2389.3
2025-07-14 20:00:00,3717.7
2025-03-02 22:00:00,3093.6
2025-05-07 16:00:00,3264.8
2025-07-28 18:00:00,3220.6
2025-10-25 17:00:00,2880.7
2025-05-17 09:00:00,2875.9
2025-06-03 11:00:00,3127.4
2025-06-22 17:00:00,3145.4
2025-12-22 07:00:00,2404.9
2025-10-06 00:00:00,2428.6
2025-07-26 10:00:00,2795.6
2025-05-15 09:00:00,3097.0
2025-02-14 16:00:00,2805.0
2025-07-20 15:00:00,2982.0
2025-11-30 20:00:00,3597.5
2025-04-20 15:00:00,3089.8
2025-03-11 04:00:00,1988.6
2025-08-28 16:00:00,3182.6
2025-04-12 01:00:00,2319.5
2025-07-31 15:00:00,3202.1
2025-11-22 18:00:00,3206.1
2025-09-03 22:00:00,3121.0
2025-10-22 07:00:00,2514.5
2025-05-10 01:00:00,2382.2
2025-06-15 16:00:00,3054.4
2025-02-21 19:00:00,3392.5
2025-02-24 04:00:00,1814.2
2025-09-19 20:00:00,3543.7
2025-10-03 20:00:00,3679.7
2025-08-17 09:00:00,2611.5
2025-11-03 08:00:00,2715.3
2025-08-17 23:00:00,2757.3
2025-08-09 11:00:00,2829.4
2025-02-28 16:00:00,2977.1
2025-03-18 21:00:00,3377.4
2025-03-16 22:00:00,3029.5
2025-06-14 21:00:00,3505.6
2025-03-03 11:00:00,2855.2
2025-10-29 01:00:00,2285.3
2025-01-02 11:00:00,2723.7
2025-10-22 15:00:00,3179.3
2025-01-19 12:00:00,2488.7
2025-04-09 07:00:00,2580.9
2025-06-02 06:00:00,2361.5
2025-09-20 14:00:00,2868.1
2025-10-31 20:00:00,3627.2
2025-05-13 11:00:00,3160.4
2025-02-23 14:00:00,2838.2
2025-10-15 07:00:00,2500.1
2025-07-05 05:00:00,2181.8
2025-05-23 08:00:00,2745.7
2025-03-31 01:00:00,2298.1
2025-04-20 20:00:00,3687.2
2025-06-17 08:00:00,2842.9
2025-06-20 17:00:00,3202.2
2025-03-12 01:00:00,2277.0
2025-12-22 20:00:00,3528.3
2025-10-09 21:00:00,3533.4
2025-08-29 07:00:00,2473.5
2025-08-08 19:00:00,3499.1
2025-03-12 12:00:00,2793.8
2025-10-14 01:00:00,2269.4
2025-11-04 23:00:00,2687.3
2025-06-01 11:00:00,2813.5
2025-01-16 12:00:00,2621.6
2025-10-25 07:00:00,2555.5
2025-09-08 12:00:00,2843.6
2025-08-16 05:00:00,2134.2
2025-09-04 17:00:00,3168.6
2025-07-23 10:00:00,3191.8
2025-07-10 05:00:00,2301.5
2025-01-06 20:00:00,3377.9
2025-07-23 12:00:00,2975.8
2025-07-04 03:00:00,2336.6
2025-12-30 12:00:00,2800.8
2025-12-06 09:00:00,2631.0
2025-01-30 18:00:00,3018.9
2025-09-04 19:00:00,3479.8
2025-08-07 11:00:00,3089.6
2025-05-13 20:00:00,3759.1
2025-12-08 10:00:00,2956.8
2025-07-04 15:00:00,3149.7
2025-09-29 17:00:00,3217.4
2025-01-17 22:00:00,2907.7
2025-01-01 20:00:00,3367.2
2025-02-11 20:00:00,3453.8
2025-07-27 18:00:00,3228.5
2025-04-11 11:00:00,3104.6
2025-04-17 01:00:00,2374.6
2025-10-18 08:00:00,2459.3
2025-04-10 14:00:00,3142.6
2025-11-07 16:00:00,2974.9
2025-01-02 18:00:00,2967.2
2025-04-28 22:00:00,3247.6
2025-09-02 03:00:00,2147.5
2025-05-21 11:00:00,3106.7
2025-05-06 22:00:00,3350.2
2025-05-21 04:00:00,2256.2
2025-07-03 07:00:00,2435.5
2025-08-07 20:00:00,3634.7
2025-01-01 11:00:00,2728.2
2025-07-18 08:00:00,2782.5
2025-02-19 01:00:00,2101.2
2025-03-23 03:00:00,2173.0
2025-04-15 05:00:00,2199.9
2025-12-02 12:00:00,2912.3
2025-04-30 07:00:00,2577.2
2025-06-11 01:00:00,2362.1
2025-09-17 12:00:00,2938.4
2025-02-12 18:00:00,3086.2
2025-06-10 08:00:00,2759.1
2025-05-05 13:00:00,3067.7
2025-02-10 01:00:00,2056.0
2025-05-01 09:00:00,3056.8
2025-05-06 15:00:00,3381.4
2025-05-20 02:00:00,2274.0
2025-09-12 09:00:00,2942.0
2025-09-18 05:00:00,2055.2
2025-10-13 07:00:00,2500.6
2025-09-26 02:00:00,2286.2
2025-10-02 02:00:00,2222.6
2025-01-31 15:00:00,2874.8
2025-07-03 08:00:00,2683.2
2025-03-02 00:00:00,2346.5
2025-12-22 16:00:00,3027.7
2025-04-30 19:00:00,3597.0
2025-06-16 02:00:00,2164.4
2025-02-08 04:00:00,2040.0
2025-11-19 15:00:00,3146.7
2025-10-29 19:00:00,3463.7
2025-06-20 09:00:00,2959.1
2025-12-16 15:00:00,3119.7
2025-12-06 06:00:00,2197.1
2025-04-26 12:00:00,2928.7
2025-03-09 16:00:00,2874.2
2025-11-03 10:00:00,3019.6
2025-02-04 05:00:00,1933.2
2025-02-26 23:00:00,2635.0
2025-06-04 16:00:00,3162.3
2025-12-26 14:00:00,2912.0
2025-02-27 20:00:00,3435.9
2025-02-05 10:00:00,2884.7
2025-02-11 16:00:00,2956.9
2025-12-06 16:00:00,2851.9
2025-06-21 10:00:00,2804.2
2025-03-10 05:00:00,2120.4
2025-03-11 11:00:00,2920.5
2025-07-11 05:00:00,2207.7
2025-05-13 05:00:00,2353.0
2025-10-22 18:00:00,3184.0
2025-02-26 03:00:00,1796.1
2025-10-30 01:00:00,2187.0
2025-05-15 14:00:00,3086.7
2025-10-01 03:00:00,2153.0
2025-10-28 12:00:00,2853.3
2025-07-19 07:00:00,2483.3
2025-10-30 06:00:00,2316.4
2025-05-15 16:00:00,3226.0
2025-08-26 16:00:00,3142.4
2025-11-13 06:00:00,2137.4
2025-01-30 07:00:00,2118.8
2025-08-01 17:00:00,3133.4
2025-11-05 06:00:00,2271.7
2025-05-18 03:00:00,2262.0
2025-06-03 01:00:00,2267.9
2025-04-11 08:00:00,2702.6
2025-12-16 09:00:00,2882.8
2025-02-25 07:00:00,2288.2
2025-12-18 07:00:00,2383.8
2025-08-29 13:00:00,3013.5
2025-09-11 23:00:00,2824.6
2025-08-14 06:00:00,2171.3
2025-11-13 23:00:00,2893.2
2025-09-11 11:00:00,2980.2
2025-07-24 13:00:00,3012.9
2025-07-05 00:00:00,2387.1
2025-11-20 01:00:00,2179.3
2025-02-11 02:00:00,2029.8
2025-11-03 23:00:00,2741.0
2025-06-14 16:00:00,3037.1
2025-11-29 07:00:00,2427.2
2025-11-17 02:00:00,2251.4
2025-06-18 17:00:00,3322.9
2025-09-18 17:00:00,3175.4
2025-05-26 05:00:00,2231.0
2025-09-11 17:00:00,3088.3
2025-04-14 02:00:00,2263.7
2025-08-07 06:00:00,2232.6
2025-09-26 22:00:00,3214.7
2025-06-11 09:00:00,2955.5
2025-02-19 22:00:00,2898.3
2025-06-24 05:00:00,2179.1
2025-03-05 06:00:00,2248.3
2025-11-17 17:00:00,3049.5
2025-08-17 05:00:00,2051.8
2025-03-16 23:00:00,2590.3
2025-02-12 06:00:00,2092.9
2025-01-06 08:00:00,2294.0
2025-02-26 20:00:00,3487.8
2025-11-15 08:00:00,2426.9
2025-07-06 06:00:00,2324.9
2025-02-07 03:00:00,1828.4
2025-04-27 09:00:00,2872.6
2025-11-21 14:00:00,2911.4
2025-08-16 07:00:00,2534.2
2025-07-03 11:00:00,2890.1
2025-08-28 21:00:00,3483.3
2025-09-29 23:00:00,2793.3
2025-09-20 06:00:00,2370.6
2025-06-13 11:00:00,3118.8
2025-08-14 13:00:00,2970.1
2025-12-01 02:00:00,2178.3
2025-05-16 09:00:00,2995.2
2025-12-04 04:00:00,1933.1
2025-02-20 08:00:00,2465.7
2025-06-11 04:00:00,2235.5
2025-12-11 10:00:00,2896.1
2025-06-19 09:00:00,2954.1
2025-11-27 14:00:00,3075.9
2025-10-21 21:00:00,3436.4
2025-02-21 15:00:00,2897.5
2025-04-06 09:00:00,2822.5
2025-04-25 04:00:00,2193.0
2025-01-12 11:00:00,2462.5
2025-07-11 01:00:00,2353.5
2025-02-13 03:00:00,2039.2
2025-02-21 05:00:00,1986.8
2025-02-12 00:00:00,2213.7
2025-11-12 05:00:00,2096.0
2025-08-04 18:00:00,3332.1
2025-06-09 12:00:00,3123.6
2025-04-16 12:00:00,2644.6
2025-06-28 21:00:00,3510.8
2025-02-14 02:00:00,1999.2
2025-09-18 22:00:00,3277.5
2025-11-08 16:00:00,2739.4
2025-01-12 17:00:00,2622.8
2025-02-13 11:00:00,2901.9
2025-02-24 20:00:00,3341.1
2025-02-10 08:00:00,2574.4
2025-04-10 05:00:00,2234.3
2025-12-16 21:00:00,3388.8
2025-03-22 19:00:00,3521.8
2025-10-06 12:00:00,2787.8
2025-02-23 02:00:00,2183.0
2025-01-26 19:00:00,3153.9
2025-10-09 12:00:00,2993.9
2025-03-14 14:00:00,3059.4
2025-02-27 22:00:00,2954.9
2025-11-11 22:00:00,3022.6
2025-09-05 15:00:00,3126.1
2025-03-07 19:00:00,3374.1
2025-03-10 23:00:00,2767.7
2025-05-29 16:00:00,3317.6
2025-04-09 00:00:00,2526.7
2025-04-03 04:00:00,2135.5
2025-09-12 20:00:00,3628.4
2025-12-30 22:00:00,3090.3
2025-09-10 04:00:00,2086.0
2025-05-13 10:00:00,3217.0
2025-05-14 00:00:00,2572.0
2025-02-24 11:00:00,2809.6
2025-09-12 03:00:00,2244.4
2025-01-24 23:00:00,2596.4
2025-04-09 08:00:00,2742.6
2025-08-30 18:00:00,3378.2
2025-10-30 17:00:00,3160.2
2025-12-03 19:00:00,3530.4
2025-02-23 08:00:00,2301.0
2025-11-11 16:00:00,2983.5
2025-07-26 13:00:00,2798.7
2025-11-16 21:00:00,3366.8
2025-09-03 17:00:00,3220.4
2025-08-27 12:00:00,2870.7
2025-03-25 01:00:00,2244.1
2025-04-20 23:00:00,2895.4
2025-01-12 05:00:00,1849.3
2025-01-27 05:00:00,1835.6
2025-12-21 18:00:00,3087.0
2025-05-09 09:00:00,3098.3
2025-05-25 10:00:00,3009.1
2025-09-25 22:00:00,3176.1
2025-12-04 15:00:00,3049.3
2025-07-03 04:00:00,2055.2
2025-06-17 15:00:00,3188.3
2025-12-21 22:00:00,3098.4
2025-08-19 23:00:00,2857.0
2025-08-21 00:00:00,2375.7
2025-03-27 06:00:00,2097.0
2025-07-01 12:00:00,2978.9
2025-10-31 17:00:00,3122.0
2025-03-30 01:00:00,2259.1
2025-01-02 03:00:00,1760.9
2025-03-27 00:00:00,2347.8
2025-06-13 16:00:00,3244.8
2025-05-03 10:00:00,3000.7
2025-05-15 00:00:00,2597.6
2025-07-25 13:00:00,3028.2
2025-06-08 22:00:00,3329.2
2025-01-06 09:00:00,2620.2
2025-10-15 09:00:00,2834.1
2025-09-12 08:00:00,2703.3
2025-04-05 22:00:00,3221.9
2025-07-11 15:00:00,3166.9
2025-01-01 13:00:00,2653.3
2025-11-28 13:00:00,2827.5
2025-07-06 12:00:00,2713.3
2025-11-20 19:00:00,3363.9
2025-03-05 13:00:00,2939.2
2025-04-09 13:00:00,3114.7
2025-07-13 16:00:00,2921.0
2025-05-08 04:00:00,2104.9
2025-06-16 21:00:00,3523.2
2025-04-08 12:00:00,3049.2
2025-01-16 14:00:00,2780.9
2025-10-10 13:00:00,2861.6
2025-09-27 21:00:00,3503.6
2025-11-29 03:00:00,2091.5
2025-02-09 03:00:00,1870.5
2025-05-21 09:00:00,2993.4
2025-08-27 06:00:00,2119.4
2025-07-10 13:00:00,2991.1
2025-03-31 11:00:00,3002.5
2025-05-30 15:00:00,3299.7
2025-11-02 15:00:00,2926.1
2025-12-13 17:00:00,2897.9
2025-11-22 01:00:00,2183.8
2025-09-14 20:00:00,3573.8
2025-05-31 23:00:00,2995.8
2025-01-23 01:00:00,1984.5
2025-06-04 18:00:00,3239.4
2025-12-16 11:00:00,2951.3
2025-07-17 04:00:00,2109.6
2025-02-22 21:00:00,3203.5
2025-06-28 09:00:00,2747.3
2025-02-28 02:00:00,1957.7
2025-07-22 02:00:00,2171.7
2025-06-17 01:00:00,2358.8
2025-07-02 22:00:00,3104.9
2025-03-16 21:00:00,3220.1
2025-05-05 03:00:00,2276.5
2025-03-02 01:00:00,2213.1
2025-11-23 23:00:00,2724.1
2025-04-20 09:00:00,2857.6
2025-06-08 19:00:00,3422.9
2025-08-23 15:00:00,2838.7
2025-02-23 01:00:00,2133.3
2025-11-14 03:00:00,2073.5
2025-07-15 23:00:00,2852.1
2025-03-13 08:00:00,2559.3
2025-12-22 23:00:00,2695.1
2025-02-09 19:00:00,3196.0
2025-10-06 03:00:00,2097.5
2025-11-26 17:00:00,3029.6
2025-11-05 22:00:00,3092.6
2025-12-08 19:00:00,3263.5
2025-12-15 20:00:00,3550.2
2025-01-17 19:00:00,3178.7
2025-03-28 07:00:00,2447.4
2025-12-29 07:00:00,2405.8
2025-03-24 09:00:00,2855.1
2025-01-07 14:00:00,2773.3
2025-09-01 12:00:00,2962.4
2025-06-12 00:00:00,2438.6
2025-08-16 03:00:00,2135.9
2025-02-07 14:00:00,
2025-01-15 16:00:00,2741.6
2025-08-10 22:00:00,3228.6
2025-09-11 06:00:00,2248.3
2025-09-17 20:00:00,3595.5
2025-07-09 04:00:00,2011.2
2025-06-22 02:00:00,2302.9
2025-02-01 10:00:00,2655.3
2025-09-01 01:00:00,2251.8
2025-05-04 19:00:00,3563.0
2025-02-15 02:00:00,2055.0
2025-05-02 16:00:00,3307.3
2025-01-13 23:00:00,2485.6
2025-07-13 12:00:00,2729.5
2025-01-28 13:00:00,2736.4
2025-03-24 21:00:00,3468.8
2025-06-02 17:00:00,3166.0
2025-01-13 18:00:00,2961.6
2025-04-08 07:00:00,2551.9
2025-07-19 14:00:00,2812.0
2025-04-09 04:00:00,2195.3
2025-06-04 06:00:00,2353.5
2025-06-08 12:00:00,2775.4
2025-03-22 07:00:00,2509.8
2025-12-06 00:00:00,2338.7
2025-05-23 19:00:00,3602.9
2025-02-01 05:00:00,1980.0
2025-06-01 14:00:00,2919.3
2025-10-10 00:00:00,2445.7
2025-02-22 18:00:00,3053.9
2025-10-11 15:00:00,2886.2
2025-10-22 04:00:00,2059.7
2025-05-04 04:00:00,2201.8
2025-05-30 19:00:00,3586.9
2025-03-30 22:00:00,3080.5
2025-07-31 02:00:00,2208.4
2025-06-21 05:00:00,2104.1
2025-07-27 01:00:00,2329.0
2025-07-24 08:00:00,2537.4
2025-01-22 10:00:00,2781.9
2025-02-07 06:00:00,2123.0
2025-01-18 01:00:00,1966.7
2025-10-17 04:00:00,2169.2
2025-12-31 06:00:00,2181.1
2025-05-25 05:00:00,2254.7
2025-12-01 18:00:00,3144.0
2025-01-09 15:00:00,2951.0
2025-11-28 22:00:00,3063.2
2025-01-20 02:00:00,1985.0
2025-03-27 14:00:00,3023.2
2025-04-12 06:00:00,2358.8
2025-01-11 10:00:00,2593.9
2025-11-26 23:00:00,2783.9
2025-08-15 13:00:00,2974.6
2025-02-16 03:00:00,1930.6
2025-11-10 21:00:00,3364.4
2025-09-07 03:00:00,2224.4
2025-03-13 09:00:00,2905.1
2025-06-12 23:00:00,2768.0
2025-12-05 04:00:00,1986.4
2025-01-30 19:00:00,3220.8
2025-01-24 00:00:00,2152.4
2025-03-01 23:00:00,2639.0
2025-04-05 14:00:00,2961.8
2025-05-12 00:00:00,2646.5
2025-03-27 16:00:00,3149.7
2025-03-22 05:00:00,2253.5
2025-01-27 10:00:00,2648.9
2025-09-11 10:00:00,3016.4
2025-01-14 04:00:00,1758.2
2025-12-01 22:00:00,3029.4
2025-12-20 03:00:00,2088.3
2025-08-15 00:00:00,2390.6
2025-01-18 19:00:00,3067.7
2025-12-15 22:00:00,3014.0
2025-01-05 09:00:00,2307.0
2025-05-07 17:00:00,3247.6
2025-06-26 14:00:00,3057.2
2025-04-01 09:00:00,2941.3
2025-03-13 05:00:00,2070.0
2025-01-04 17:00:00,2621.6
2025-04-04 09:00:00,3009.8
2025-05-13 06:00:00,2301.0
2025-12-22 06:00:00,2140.0
2025-09-18 19:00:00,3467.9
2025-10-08 12:00:00,2834.0
2025-03-23 05:00:00,2154.9
2025-06-18 12:00:00,3020.2
2025-12-26 08:00:00,2542.8
2025-04-29 16:00:00,3270.6
2025-09-23 08:00:00,2699.8
2025-01-01 01:00:00,2053.2
2025-09-13 19:00:00,3359.9
2025-06-30 17:00:00,3210.6
2025-09-09 23:00:00,2764.7
2025-02-08 23:00:00,2638.7
2025-12-02 14:00:00,2994.6
2025-04-24 08:00:00,2807.2
2025-12-30 08:00:00,2488.9
2025-08-05 21:00:00,3458.1
2025-10-24 11:00:00,2949.0
2025-01-25 15:00:00,2831.6
2025-12-25 01:00:00,2122.5
2025-11-23 18:00:00,3040.7
2025-05-03 08:00:00,2629.7
2025-12-12 02:00:00,2196.1
2025-04-13 00:00:00,2431.3
2025-03-07 16:00:00,2987.7
2025-11-08 07:00:00,2398.4
2025-11-19 20:00:00,3521.4
2025-01-09 21:00:00,3174.9
2025-02-02 10:00:00,2689.7
2025-11-24 03:00:00,2124.2
2025-05-26 16:00:00,3245.4
2025-10-31 12:00:00,2937.5
2025-03-27 03:00:00,2056.8
2025-12-13 14:00:00,2800.7
2025-08-14 20:00:00,3558.6
2025-09-14 10:00:00,2962.2
2025-03-07 07:00:00,2441.7
2025-01-07 21:00:00,3245.0
2025-07-15 22:00:00,3244.4
2025-05-29 14:00:00,3255.2
2025-11-13 14:00:00,2928.0
2025-12-22 11:00:00,2985.0
2025-08-15 15:00:00,3209.1
2025-03-25 21:00:00,3468.8
2025-01-12 09:00:00,2490.8
2025-06-10 20:00:00,3649.2
2025-06-23 15:00:00,3377.7
2025-11-05 13:00:00,2865.6
2025-06-07 20:00:00,3737.3
2025-08-04 23:00:00,2805.5
2025-01-17 10:00:00,2666.2
2025-01-25 07:00:00,2078.7
2025-12-28 18:00:00,3209.8
2025-12-31 12:00:00,2867.1
2025-01-05 20:00:00,3266.7
2025-10-04 20:00:00,3557.1
2025-11-14 18:00:00,3222.8
2025-12-29 13:00:00,2855.5
2025-11-09 22:00:00,3126.5
2025-01-22 16:00:00,2882.7
2025-03-15 11:00:00,2814.6
2025-03-20 03:00:00,2139.3
2025-08-12 03:00:00,2029.4
2025-06-15 05:00:00,2295.6
2025-05-20 08:00:00,2879.1
2025-10-02 22:00:00,3151.8
2025-04-04 21:00:00,3697.1
2025-05-15 08:00:00,2818.5
2025-01-22 22:00:00,2940.5
2025-05-03 18:00:00,3195.8
2025-07-06 09:00:00,2714.1
2025-06-12 11:00:00,3041.9
2025-08-24 15:00:00,3060.4
2025-01-29 20:00:00,3460.5
2025-09-10 11:00:00,2959.2
2025-02-09 23:00:00,2528.6
2025-07-05 04:00:00,2093.4
2025-12-10 17:00:00,2937.5
2025-09-22 06:00:00,2259.2
2025-09-13 11:00:00,2749.6
2025-06-01 09:00:00,2669.5
2025-08-30 21:00:00,3262.2
2025-02-13 18:00:00,3107.3
2025-01-25 14:00:00,2521.6
2025-01-22 15:00:00,2961.2
2025-05-21 20:00:00,3738.9
2025-06-03 04:00:00,2239.8
2025-08-29 16:00:00,3200.1
2025-11-15 14:00:00,2728.5
2025-10-01 21:00:00,3461.0
2025-08-04 19:00:00,3499.4
2025-03-08 23:00:00,2787.0
2025-05-31 10:00:00,3099.8
2025-12-23 02:00:00,2054.6
2025-10-04 11:00:00,2789.6
2025-12-31 23:00:00,2685.2
2025-03-17 09:00:00,2887.3
2025-02-02 23:00:00,2625.0
2025-02-03 00:00:00,2166.1
2025-11-14 22:00:00,3085.5
2025-03-19 07:00:00,2337.3
2025-03-24 12:00:00,2995.9
2025-05-15 17:00:00,3296.4
2025-05-30 22:00:00,3453.4
2025-02-08 21:00:00,3218.0
2025-06-15 03:00:00,
2025-10-16 05:00:00,2050.3
2025-08-23 10:00:00,2875.1
2025-08-18 10:00:00,3036.0
2025-09-11 00:00:00,2375.2
2025-03-12 02:00:00,2163.9
2025-06-24 03:00:00,2158.6
2025-06-17 18:00:00,3422.4
2025-12-09 04:00:00,2049.4
2025-09-26 14:00:00,3010.4
2025-06-21 12:00:00,2742.7
2025-02-11 04:00:00,1872.4
2025-10-26 11:00:00,2826.2
2025-05-24 21:00:00,3680.6
2025-05-01 16:00:00,3323.5
2025-06-07 10:00:00,2909.1
2025-08-24 18:00:00,3247.9
2025-11-21 10:00:00,3015.5
2025-05-09 21:00:00,3675.3
2025-05-12 11:00:00,3210.0
2025-07-31 05:00:00,2112.4
2025-08-30 22:00:00,3153.7
2025-05-14 09:00:00,3115.5
2025-12-11 11:00:00,2865.4
2025-02-15 18:00:00,3021.8
2025-11-18 07:00:00,2358.2
2025-04-29 12:00:00,3215.7
2025-02-06 22:00:00,2905.7
2025-05-20 06:00:00,2425.9
2025-10-28 00:00:00,2257.5
2025-09-30 12:00:00,2903.6
2025-09-12 00:00:00,2291.5
2025-01-22 11:00:00,2764.6
2025-05-20 20:00:00,3767.3
2025-07-21 09:00:00,2997.6
2025-03-02 13:00:00,2716.9
2025-05-29 01:00:00,2520.4
2025-05-31 09:00:00,2926.7
2025-11-08 21:00:00,3264.2
2025-07-14 09:00:00,2921.6
2025-04-15 10:00:00,2832.4
2025-05-05 18:00:00,3325.7
2025-06-16 15:00:00,3217.2
2025-09-17 06:00:00,2256.6
2025-12-28 05:00:00,2010.4
2025-02-07 18:00:00,2950.4
2025-01-02 04:00:00,1827.4
2025-11-28 15:00:00,3008.7
2025-04-15 11:00:00,2813.4
2025-04-12 04:00:00,2307.7
2025-07-30 03:00:00,2207.5
2025-08-11 18:00:00,3295.6
2025-02-01 18:00:00,2917.3
2025-06-06 03:00:00,2258.4
2025-07-20 11:00:00,2857.6
2025-01-12 20:00:00,3212.2
2025-01-29 14:00:00,2733.6
2025-07-19 23:00:00,2853.3
2025-04-09 01:00:00,2394.2
2025-09-22 17:00:00,3093.0
2025-11-08 04:00:00,1937.7
2025-11-29 02:00:00,2154.1
2025-01-01 21:00:00,3217.4
2025-04-25 16:00:00,3203.1
2025-02-06 21:00:00,3195.4
2025-12-04 18:00:00,2916.9
2025-02-08 05:00:00,1975.0
2025-10-31 10:00:00,3224.9
2025-02-13 08:00:00,2630.0
2025-09-21 23:00:00,2733.5
2025-11-03 17:00:00,2936.8
2025-02-22 17:00:00,2735.8
2025-07-10 19:00:00,3597.0
2025-12-01 12:00:00,2764.5
2025-12-18 02:00:00,2064.5
2025-01-12 13:00:00,2438.9
2025-07-31 20:00:00,3579.2
2025-03-28 20:00:00,3614.9
2025-02-21 21:00:00,3234.2
2025-04-10 06:00:00,2306.8
2025-01-24 19:00:00,3285.3
2025-03-01 19:00:00,3336.4
2025-06-12 14:00:00,3049.6
2025-08-01 01:00:00,2308.4
2025-02-21 23:00:00,2675.3
2025-10-18 16:00:00,2861.9
2025-07-15 01:00:00,2309.9
2025-05-27 22:00:00,3388.1
2025-10-01 05:00:00,2061.7
2025-04-15 18:00:00,3259.4
2025-08-15 21:00:00,3466.3
2025-02-11 23:00:00,2618.7
2025-07-18 18:00:00,3308.6
2025-09-29 04:00:00,2173.1
2025-07-09 07:00:00,2322.2
2025-12-16 17:00:00,3181.9
2025-12-01 17:00:00,3035.9
2025-03-28 00:00:00,2439.8
2025-08-12 00:00:00,2324.0
2025-11-02 08:00:00,2430.4
2025-03-12 10:00:00,2985.5
2025-12-24 17:00:00,3159.9
2025-12-31 16:00:00,3067.7
2025-08-11 15:00:00,3222.2
2025-03-24 17:00:00,3172.2
2025-01-13 06:00:00,1899.8
2025-03-06 11:00:00,2982.9
2025-03-25 20:00:00,3541.9
2025-01-25 12:00:00,2431.7
2025-05-19 17:00:00,3381.8
2025-04-11 03:00:00,2229.6
2025-03-30 17:00:00,2980.4
2025-06-16 14:00:00,3133.8
2025-12-05 12:00:00,2705.6
2025-06-05 21:00:00,3594.1
2025-05-27 04:00:00,2247.2
2025-11-28 10:00:00,2976.4
2025-04-24 07:00:00,2615.0
2025-07-08 09:00:00,2714.0
2025-10-06 06:00:00,2208.6
2025-08-03 14:00:00,2966.5
2025-04-28 00:00:00,2522.3
2025-12-14 16:00:00,2738.0
2025-01-24 04:00:00,1875.9
2025-09-19 12:00:00,2903.4
2025-11-07 14:00:00,2916.0
2025-07-19 19:00:00,3520.6
2025-04-13 21:00:00,3499.0
2025-06-05 18:00:00,3299.7
2025-06-28 14:00:00,2912.1
2025-11-15 07:00:00,2263.4
2025-08-09 09:00:00,2727.2
2025-03-13 12:00:00,2865.2
2025-04-19 12:00:00,2812.5
2025-11-15 20:00:00,3426.2
2025-10-16 12:00:00,2860.3
2025-03-13 00:00:00,2273.6
2025-10-17 23:00:00,2868.6
2025-10-07 18:00:00,3162.0
2025-09-28 16:00:00,2939.9
2025-03-31 03:00:00,2198.6
2025-05-15 23:00:00,2898.6
2025-04-10 07:00:00,2436.3
2025-06-29 15:00:00,3099.4
2025-02-23 13:00:00,2625.2
2025-11-26 00:00:00,2311.1
2025-12-13 21:00:00,3367.5
2025-03-25 04:00:00,2093.8
2025-06-13 18:00:00,3373.0
2025-09-15 15:00:00,3142.0
2025-09-07 09:00:00,2699.2
2025-10-21 06:00:00,2240.2
2025-03-08 07:00:00,2370.5
2025-12-20 04:00:00,2091.5
2025-12-09 07:00:00,2348.7
2025-04-01 02:00:00,2374.9
2025-04-10 20:00:00,3718.3
2025-01-14 05:00:00,1790.2
2025-09-23 07:00:00,2450.3
2025-12-11 09:00:00,2869.9
2025-05-10 15:00:00,3172.6
2025-08-07 01:00:00,2227.6
2025-11-05 20:00:00,3566.5
2025-07-31 04:00:00,2089.5
2025-06-18 04:00:00,2216.8
2025-02-03 03:00:00,1936.1
2025-05-06 20:00:00,3779.5
2025-03-13 07:00:00,2497.9
2025-05-22 03:00:00,2357.3
2025-01-02 12:00:00,2560.7
2025-07-09 13:00:00,2861.8
2025-02-08 01:00:00,2058.0
2025-08-27 09:00:00,2763.4
2025-08-09 15:00:00,2983.3
2025-06-15 12:00:00,2862.2
2025-08-12 18:00:00,3183.2
2025-09-27 15:00:00,3040.6
2025-06-22 05:00:00,2264.4
2025-02-10 14:00:00,2823.4
2025-02-10 23:00:00,2582.0
2025-11-20 10:00:00,3002.3
2025-03-01 02:00:00,2106.0
2025-03-07 00:00:00,2343.8
2025-06-22 07:00:00,2619.1
2025-08-21 14:00:00,3095.6
2025-12-13 08:00:00,2403.4
2025-06-27 17:00:00,3175.5
2025-02-26 11:00:00,2781.1
2025-12-04 02:00:00,2015.9
2025-07-29 00:00:00,2344.0
2025-12-22 01:00:00,2245.4
2025-02-11 03:00:00,1975.0
2025-04-22 18:00:00,3338.7
2025-07-30 07:00:00,2524.4
2025-03-10 08:00:00,2703.2
2025-02-23 18:00:00,3152.6
2025-06-03 09:00:00,3010.3
2025-02-27 12:00:00,2728.0
2025-03-22 13:00:00,2747.3
2025-07-14 19:00:00,3553.6
2025-12-17 01:00:00,2167.6
2025-05-12 16:00:00,3352.2
2025-03-26 14:00:00,3102.9
2025-02-07 04:00:00,1780.1
2025-07-23 04:00:00,2197.9
2025-06-19 13:00:00,3175.1
2025-06-27 07:00:00,2420.0
2025-01-01 02:00:00,1931.1
2025-11-17 06:00:00,2218.6
2025-03-29 21:00:00,3400.3
2025-02-05 09:00:00,2681.8
2025-04-25 01:00:00,2458.9
2025-04-13 18:00:00,3323.9
2025-03-21 18:00:00,3312.8
2025-03-08 12:00:00,2681.1
2025-09-02 16:00:00,3163.5
2025-03-21 17:00:00,3107.5
2025-08-03 03:00:00,2251.0
2025-12-20 19:00:00,3323.3
2025-08-24 00:00:00,2486.5
2025-04-25 00:00:00,2470.1
2025-01-31 06:00:00,2056.5
2025-01-03 05:00:00,1859.0
2025-03-16 20:00:00,3483.8
2025-06-10 05:00:00,2138.3
2025-09-08 07:00:00,2470.7
2025-11-22 23:00:00,2769.2
2025-04-17 09:00:00,3061.3
2025-04-27 16:00:00,3094.7
2025-02-09 00:00:00,2208.4
2025-11-15 18:00:00,3177.2
2025-02-04 08:00:00,2347.7
2025-06-30 01:00:00,2378.2
2025-05-22 17:00:00,3273.5
2025-02-27 21:00:00,3354.4
2025-05-29 12:00:00,3081.3
2025-02-06 20:00:00,3519.3
2025-08-15 05:00:00,2180.6
2025-08-26 15:00:00,3231.9
2025-08-26 02:00:00,2178.2
2025-07-22 19:00:00,3517.0
2025-10-07 11:00:00,2950.9
2025-09-23 09:00:00,2878.8
2025-03-19 20:00:00,3502.5
2025-08-04 21:00:00,3415.7
2025-01-01 10:00:00,2809.0
2025-05-23 07:00:00,2519.9
2025-08-14 21:00:00,3418.7
2025-03-02 23:00:00,2824.6
2025-02-03 14:00:00,2686.4
2025-11-12 08:00:00,2552.2
2025-11-01 00:00:00,2255.4
2025-06-19 12:00:00,3069.4
2025-03-29 20:00:00,3671.1
2025-11-23 05:00:00,2036.6
2025-03-27 01:00:00,2225.9
2025-04-04 02:00:00,2323.6
2025-02-10 03:00:00,1956.3
2025-10-31 05:00:00,2133.5
2025-07-07 06:00:00,2239.6
2025-04-20 16:00:00,2994.3
2025-09-11 22:00:00,3152.7
2025-10-23 12:00:00,2948.7
2025-01-30 08:00:00,2358.1
2025-01-18 23:00:00,2538.7
2025-07-02 20:00:00,3635.1
2025-09-11 05:00:00,2151.2
2025-01-07 01:00:00,2103.0
2025-09-27 11:00:00,2832.6
2025-03-26 17:00:00,3209.4
2025-11-21 11:00:00,2926.6
2025-02-18 13:00:00,2704.1
2025-05-26 20:00:00,3752.7
2025-03-27 10:00:00,3080.6
2025-06-06 16:00:00,3264.2
2025-04-20 08:00:00,2616.2
2025-07-06 20:00:00,3540.2
2025-07-04 19:00:00,3512.0
2025-11-05 03:00:00,2084.2
2025-10-27 18:00:00,3303.9
2025-10-22 13:00:00,2929.9
2025-07-01 17:00:00,3120.8
2025-04-12 00:00:00,2419.2
2025-02-22 14:00:00,2598.2
2025-03-15 19:00:00,3419.3
2025-05-27 07:00:00,2744.2
2025-01-12 07:00:00,2190.3
2025-07-19 16:00:00,2850.7
2025-07-21 19:00:00,3529.0
2025-01-11 04:00:00,1817.9
2025-12-26 04:00:00,1958.8
2025-07-10 12:00:00,2962.1
2025-03-26 16:00:00,3154.3
2025-07-30 13:00:00,3009.8
2025-11-02 14:00:00,2715.2
2025-02-03 21:00:00,3252.1
2025-09-08 10:00:00,3100.8
2025-06-08 18:00:00,3271.6
2025-08-27 15:00:00,3003.5
2025-12-30 13:00:00,2850.7
2025-11-11 03:00:00,1945.2
2025-03-17 04:00:00,2072.3
2025-11-25 07:00:00,2353.9
2025-07-01 02:00:00,2165.7
2025-04-13 13:00:00,2932.7
2025-01-23 17:00:00,2845.9
2025-05-16 01:00:00,2569.5
2025-01-31 18:00:00,3030.8
2025-01-13 22:00:00,2960.6
2025-05-27 17:00:00,3332.1
2025-10-21 05:00:00,2158.7
2025-02-17 03:00:00,1876.2
2025-08-20 01:00:00,2305.7
2025-01-21 12:00:00,2568.8
2025-06-21 07:00:00,2485.7
2025-04-26 09:00:00,2790.7
2025-02-08 08:00:00,2217.0
2025-12-24 13:00:00,2866.1
2025-11-21 00:00:00,2340.9
2025-05-30 11:00:00,3270.5
2025-10-04 16:00:00,2953.3
2025-06-14 23:00:00,2775.6
2025-01-02 14:00:00,2838.2
2025-07-05 19:00:00,3331.4
2025-10-24 22:00:00,3215.8
2025-06-28 06:00:00,2368.0
2025-10-25 01:00:00,2260.0
2025-05-05 07:00:00,2507.8
2025-08-09 10:00:00,2829.6
2025-10-17 12:00:00,3018.8
2025-01-06 10:00:00,2639.5
2025-08-06 09:00:00,2744.0
2025-12-29 03:00:00,1935.2
2025-04-22 03:00:00,2219.6
2025-10-25 10:00:00,2694.2
2025-05-15 07:00:00,2558.8
2025-02-19 06:00:00,1949.8
2025-08-13 16:00:00,3196.4
2025-01-26 14:00:00,2567.8
2025-12-28 10:00:00,2721.3
2025-03-03 02:00:00,2030.9
2025-07-07 09:00:00,2865.4
2025-05-07 18:00:00,3390.5
2025-02-08 22:00:00,3015.2
2025-04-11 19:00:00,3669.8
2025-07-31 21:00:00,3479.6
2025-05-18 06:00:00,2535.1
2025-10-08 17:00:00,3173.0
2025-11-10 15:00:00,3019.3
2025-07-20 22:00:00,3024.2
2025-02-04 10:00:00,2894.7
2025-03-05 09:00:00,2919.1
2025-10-12 15:00:00,3013.2
2025-05-03 02:00:00,2327.7
2025-06-26 08:00:00,2726.8
2025-01-27 04:00:00,1802.2
2025-07-04 14:00:00,3109.8
2025-06-10 13:00:00,3043.5
2025-01-17 06:00:00,1870.0
2025-07-01 01:00:00,2325.5
2025-12-26 18:00:00,3067.5
2025-10-24 20:00:00,3590.5
2025-09-04 09:00:00,2843.2
2025-06-16 06:00:00,2409.6
2025-01-17 16:00:00,2670.2
2025-07-20 06:00:00,2222.5
2025-08-02 23:00:00,2846.1
2025-11-09 14:00:00,2834.1
2025-05-20 23:00:00,2935.7
2025-01-02 22:00:00,2756.0
2025-08-24 17:00:00,2972.2
2025-01-21 08:00:00,2419.3
2025-06-16 09:00:00,3064.2
2025-06-01 18:00:00,3228.9
2025-06-05 06:00:00,2281.9
2025-12-15 08:00:00,2590.5
2025-08-06 00:00:00,2352.6
2025-10-03 09:00:00,2856.3
2025-08-10 15:00:00,3032.7
2025-01-30 13:00:00,2731.8
2025-10-24 15:00:00,3160.6
2025-04-11 21:00:00,3521.8
2025-08-22 12:00:00,3045.7
2025-03-14 22:00:00,3133.9
2025-12-30 03:00:00,1991.1
2025-11-13 16:00:00,3092.8
2025-06-19 06:00:00,2322.2
2025-12-21 15:00:00,2868.5
2025-01-15 02:00:00,1966.5
2025-01-09 23:00:00,2519.9
2025-06-02 15:00:00,3190.8
2025-02-25 21:00:00,3342.0
2025-12-15 01:00:00,2130.6
2025-08-23 00:00:00,2316.0
2025-06-12 06:00:00,2295.7
2025-06-01 16:00:00,2951.4
2025-01-14 17:00:00,2909.8
2025-11-15 04:00:00,1953.6
2025-05-06 04:00:00,2243.4
2025-10-18 00:00:00,2241.6
2025-06-20 10:00:00,3117.8
2025-05-10 19:00:00,3680.7
2025-12-25 13:00:00,2871.7
2025-04-07 18:00:00,3336.6
2025-10-05 19:00:00,3514.8
2025-10-20 01:00:00,2268.5
2025-06-24 21:00:00,3481.8
2025-05-28 21:00:00,3655.0
2025-03-02 18:00:00,3215.5
2025-01-08 03:00:00,1950.8
2025-06-25 03:00:00,2213.2
2025-11-20 21:00:00,3394.8
2025-05-29 17:00:00,3271.1
2025-06-26 02:00:00,2198.4
2025-08-03 22:00:00,3149.5
2025-11-12 11:00:00,2940.2
2025-09-15 17:00:00,3160.8
2025-11-15 12:00:00,2641.9
2025-02-09 02:00:00,1938.6
2025-01-03 12:00:00,2611.3
2025-02-21 16:00:00,2949.2
2025-08-29 00:00:00,2416.1
2025-08-03 00:00:00,2349.0
2025-11-20 02:00:00,2120.6
2025-10-13 16:00:00,3146.7
2025-03-30 08:00:00,2474.8
2025-03-05 12:00:00,3011.2
2025-01-07 09:00:00,2554.9
2025-09-22 08:00:00,2619.8
2025-01-21 01:00:00,1927.4
2025-09-13 02:00:00,2226.8
2025-07-05 20:00:00,3568.5
2025-10-23 21:00:00,3517.8
2025-06-13 08:00:00,2804.1
2025-03-15 10:00:00,2904.9
2025-02-01 06:00:00,1971.7
2025-03-16 09:00:00,2613.7
2025-11-21 23:00:00,2794.2
2025-09-16 20:00:00,3768.8
2025-07-07 13:00:00,2877.3
2025-07-22 05:00:00,2131.5
2025-04-23 23:00:00,2940.9
2025-10-09 22:00:00,3284.7
2025-11-09 16:00:00,2850.6
2025-06-24 17:00:00,3166.1
2025-02-25 13:00:00,2768.5
2025-02-22 02:00:00,1936.5
2025-10-14 23:00:00,2759.5
2025-04-29 22:00:00,3339.2
2025-01-08 18:00:00,3024.2
2025-02-17 08:00:00,2485.1
2025-12-09 09:00:00,2764.4
2025-03-27 18:00:00,3304.7
2025-11-21 05:00:00,1972.7
2025-11-20 23:00:00,2667.4
2025-01-07 04:00:00,1840.1
2025-06-21 20:00:00,3630.1
2025-07-23 17:00:00,3243.5
2025-11-10 07:00:00,2391.9
2025-05-21 03:00:00,2299.8
2025-07-19 12:00:00,2836.0
2025-04-30 10:00:00,3168.1
2025-06-07 08:00:00,2564.8
2025-02-27 18:00:00,3027.0
2025-09-05 13:00:00,2952.3
2025-05-08 19:00:00,3599.2
2025-11-16 19:00:00,3582.9
2025-08-26 07:00:00,2324.1
2025-06-01 05:00:00,2218.7
2025-12-11 16:00:00,3066.6
2025-07-19 21:00:00,3435.1
2025-05-07 04:00:00,2235.9
2025-05-04 17:00:00,3117.2
2025-12-02 22:00:00,3089.6
2025-03-13 04:00:00,2191.8
2025-05-04 01:00:00,2421.7
2025-01-19 22:00:00,2864.0
2025-10-18 04:00:00,2080.7
2025-09-13 16:00:00,2958.4
2025-11-20 06:00:00,2239.2
2025-09-25 03:00:00,2115.8
2025-01-26 09:00:00,2396.7
2025-06-27 15:00:00,3186.1
2025-07-21 02:00:00,2121.2
2025-11-24 15:00:00,3161.9
2025-03-28 10:00:00,2950.1
2025-06-18 20:00:00,3681.0
2025-11-11 12:00:00,2874.7
2025-03-09 14:00:00,2769.2
2025-07-15 03:00:00,2101.1
2025-08-18 01:00:00,2198.0
2025-10-25 13:00:00,2732.1
2025-11-02 00:00:00,2304.1
2025-08-30 12:00:00,2792.4
2025-10-27 08:00:00,2765.2
2025-12-05 16:00:00,3018.2
2025-10-22 21:00:00,3508.0
2025-01-02 16:00:00,2761.2
2025-08-17 03:00:00,2002.4
2025-03-29 01:00:00,2327.6
2025-06-13 12:00:00,3059.7
2025-04-01 15:00:00,3293.7
2025-11-01 17:00:00,2883.0
2025-12-12 05:00:00,2068.6
2025-01-04 02:00:00,1869.3
2025-11-06 10:00:00,3030.5
2025-06-08 06:00:00,2287.7
2025-04-21 17:00:00,3224.7
2025-05-13 12:00:00,3019.5
2025-03-28 12:00:00,2824.0
2025-01-19 09:00:00,2518.4
2025-11-28 20:00:00,3520.2
2025-03-27 11:00:00,3009.3
2025-04-16 21:00:00,3541.5
2025-02-24 05:00:00,1908.1
2025-09-02 21:00:00,3512.9
2025-11-04 00:00:00,2335.3
2025-05-23 22:00:00,3309.5
2025-02-24 08:00:00,2483.9
2025-01-10 20:00:00,3366.1
2025-11-19 08:00:00,2522.5
2025-04-19 07:00:00,2517.2
2025-07-12 08:00:00,2380.1
2025-04-18 05:00:00,2354.8
2025-05-17 16:00:00,3092.7
2025-05-13 18:00:00,3409.1
2025-06-14 17:00:00,3019.6
2025-04-26 08:00:00,2698.9
2025-07-21 07:00:00,2517.2
2025-06-25 23:00:00,2943.8
2025-03-29 18:00:00,3170.0
2025-04-22 15:00:00,3256.4
2025-11-02 05:00:00,2055.6
2025-04-26 01:00:00,2461.1
2025-07-15 08:00:00,2796.1
2025-08-13 23:00:00,2825.9
2025-02-27 19:00:00,3366.1
2025-05-01 21:00:00,3607.7
2025-05-30 01:00:00,2511.2
2025-11-07 23:00:00,2778.5
2025-11-29 11:00:00,2687.0
2025-10-23 03:00:00,2087.9
2025-12-25 03:00:00,2084.4
2025-11-05 01:00:00,2254.1
2025-07-28 08:00:00,2548.2
2025-09-01 21:00:00,3468.0
2025-02-23 07:00:00,2344.9
2025-12-10 10:00:00,2956.3
2025-02-03 12:00:00,2616.8
2025-09-24 20:00:00,3579.8
2025-03-06 19:00:00,3416.3
2025-12-12 21:00:00,3434.6
2025-05-13 22:00:00,3385.4
2025-07-10 06:00:00,2299.7
2025-07-20 02:00:00,2258.2
2025-12-19 18:00:00,3221.1
2025-10-26 14:00:00,2834.2
2025-07-21 17:00:00,3199.6
2025-05-30 18:00:00,3495.4
2025-09-09 11:00:00,2937.8
2025-10-13 12:00:00,2804.7
2025-10-17 22:00:00,3326.0
2025-03-22 00:00:00,2357.6
2025-01-22 09:00:00,2536.7
2025-06-24 01:00:00,2456.9
2025-10-13 03:00:00,2102.5
2025-02-24 12:00:00,2712.0
2025-08-25 03:00:00,2228.3
2025-02-08 02:00:00,2104.2
2025-05-24 20:00:00,3847.2
2025-06-03 23:00:00,2870.1
2025-06-26 18:00:00,3206.5
2025-05-12 12:00:00,3072.7
2025-04-02 14:00:00,3218.5
2025-02-02 06:00:00,1994.2
2025-07-04 09:00:00,2940.9
2025-09-14 06:00:00,2252.1
2025-09-12 01:00:00,2327.2
2025-02-09 07:00:00,2253.1
2025-02-04 06:00:00,1979.7
2025-10-14 14:00:00,3087.6
2025-07-28 13:00:00,2897.3
2025-10-03 12:00:00,2868.2
2025-06-28 05:00:00,2133.4
2025-01-07 20:00:00,3311.3
2025-08-23 03:00:00,2186.6
2025-07-09 11:00:00,2909.6
2025-06-15 23:00:00,2968.5
2025-04-16 18:00:00,3287.5
2025-10-17 21:00:00,3431.5
2025-05-13 23:00:00,3083.2
2025-02-24 15:00:00,2874.7
2025-12-06 05:00:00,2044.5
2025-08-05 23:00:00,2774.1
2025-12-13 23:00:00,2750.9
2025-08-13 07:00:00,2380.7
2025-11-19 10:00:00,3005.9
2025-06-03 03:00:00,2230.5
2025-10-28 18:00:00,3204.6
2025-10-08 02:00:00,2198.9
2025-05-18 12:00:00,2984.2
2025-05-18 22:00:00,3258.6
2025-10-15 16:00:00,3239.8
2025-10-28 21:00:00,3382.9
2025-01-14 15:00:00,2897.0
2025-09-03 06:00:00,2130.7
2025-04-14 18:00:00,3227.3
2025-12-20 13:00:00,2680.1
2025-09-12 07:00:00,2584.6
2025-09-06 02:00:00,2221.4
2025-12-19 10:00:00,2898.0
2025-07-03 16:00:00,3061.2
2025-02-04 16:00:00,2984.8
2025-05-09 07:00:00,2722.2
2025-05-25 06:00:00,2442.2
2025-08-09 17:00:00,2981.9
2025-12-05 17:00:00,3103.1
2025-01-03 06:00:00,1918.8
2025-09-17 14:00:00,3019.8
2025-06-19 08:00:00,2710.2
2025-05-24 19:00:00,3713.6
2025-09-20 17:00:00,3101.5
2025-03-21 05:00:00,2119.6
2025-03-03 17:00:00,3100.9
2025-07-23 01:00:00,2350.4
2025-07-23 23:00:00,2840.8
2025-06-22 22:00:00,3219.0
2025-10-22 12:00:00,2867.1
2025-05-19 23:00:00,2981.1
2025-09-08 16:00:00,3059.8
2025-07-25 06:00:00,2275.4
2025-02-09 10:00:00,2568.6
2025-08-30 13:00:00,2816.0
2025-05-18 05:00:00,2366.2
2025-04-01 01:00:00,2408.4
2025-12-25 20:00:00,3499.8
2025-07-31 19:00:00,3524.3
2025-10-04 21:00:00,3346.0
2025-11-24 06:00:00,2204.0
2025-05-08 09:00:00,2965.8
2025-11-02 22:00:00,3132.2
2025-08-17 18:00:00,3099.6
2025-10-08 13:00:00,2916.2
2025-02-02 00:00:00,2175.0
2025-03-28 01:00:00,2323.2
2025-12-13 10:00:00,2757.4
2025-05-26 15:00:00,3248.9
2025-11-01 15:00:00,2906.3
2025-01-12 21:00:00,3102.0
2025-03-04 12:00:00,2841.1
2025-07-08 12:00:00,2859.2
2025-12-09 23:00:00,2634.7
2025-04-08 04:00:00,2206.7
2025-04-24 05:00:00,2198.1
2025-03-28 15:00:00,3068.1
2025-05-22 05:00:00,2377.7
2025-01-31 02:00:00,1974.5
2025-02-09 15:00:00,2715.4
2025-12-17 13:00:00,2921.8
2025-04-05 06:00:00,2324.5
2025-02-11 05:00:00,1831.1
2025-05-14 20:00:00,3827.8
2025-03-15 07:00:00,2505.5
2025-11-14 09:00:00,2795.6
2025-07-04 06:00:00,2278.4
2025-10-07 08:00:00,2577.1
2025-08-17 07:00:00,2461.6
2025-03-13 20:00:00,3649.2
2025-08-04 22:00:00,3196.5
2025-12-10 19:00:00,3372.7
2025-01-15 05:00:00,1814.7
2025-06-04 05:00:00,2339.8
2025-06-26 19:00:00,3559.4
2025-01-29 16:00:00,2927.0
2025-05-24 00:00:00,2582.8
2025-08-05 19:00:00,3475.8
2025-07-26 00:00:00,2473.7
2025-02-10 06:00:00,2067.5
2025-05-11 00:00:00,2538.8
2025-12-12 19:00:00,3352.6
2025-04-02 19:00:00,3584.9
2025-04-24 01:00:00,2384.6
2025-07-18 05:00:00,2275.3
2025-08-01 10:00:00,3087.4
2025-12-07 14:00:00,2651.3
2025-12-15 02:00:00,2166.6
2025-12-07 18:00:00,3006.0
2025-08-09 00:00:00,2443.0
2025-09-06 23:00:00,2718.1
2025-05-29 20:00:00,3744.2
2025-07-20 05:00:00,1972.3
2025-08-09 19:00:00,3506.9
2025-03-24 22:00:00,3251.8
2025-06-21 16:00:00,2910.6
2025-07-18 07:00:00,2531.0
2025-11-14 02:00:00,2229.3
2025-08-09 18:00:00,3200.2
2025-12-04 20:00:00,3393.3
2025-07-27 03:00:00,2206.2
2025-02-09 18:00:00,3053.6
2025-07-29 18:00:00,3300.0
2025-10-10 15:00:00,3166.0
2025-05-31 00:00:00,2621.7
2025-09-28 10:00:00,2932.6
2025-12-14 20:00:00,3431.2
2025-01-20 18:00:00,2955.3
2025-11-15 15:00:00,2861.5
2025-01-17 01:00:00,1964.3
2025-12-19 16:00:00,2962.2
2025-03-09 17:00:00,2893.0
2025-01-23 08:00:00,2387.2
2025-09-24 03:00:00,2134.6
2025-12-18 15:00:00,2945.7
2025-07-29 16:00:00,3168.8
2025-06-25 12:00:00,3075.0
2025-09-27 00:00:00,2416.2
2025-05-27 03:00:00,2296.2
2025-01-09 09:00:00,2660.6
2025-11-01 08:00:00,2271.1
2025-02-25 12:00:00,2674.2
2025-10-24 08:00:00,2614.9
2025-05-26 22:00:00,3309.9
2025-04-23 20:00:00,3857.8
2025-09-09 06:00:00,2219.4
2025-07-29 15:00:00,3231.0
2025-09-29 10:00:00,3060.6
2025-07-14 06:00:00,2269.3
2025-06-17 13:00:00,3104.5
2025-03-19 06:00:00,2186.0
2025-12-10 18:00:00,3070.2
2025-04-30 16:00:00,3321.1
2025-05-07 06:00:00,2315.2
2025-02-20 05:00:00,1944.1
2025-10-01 11:00:00,2985.1
2025-03-10 13:00:00,2845.4
2025-05-23 09:00:00,3078.6
2025-05-25 20:00:00,3725.5
2025-12-19 20:00:00,3515.0
2025-04-30 05:00:00,2307.8
2025-03-16 16:00:00,2800.1
2025-08-19 06:00:00,2170.3
2025-10-16 10:00:00,2845.7
2025-06-08 05:00:00,2239.0
2025-05-21 08:00:00,2810.6
2025-05-21 07:00:00,2550.6
2025-05-28 05:00:00,2394.1
2025-10-27 20:00:00,3640.1
2025-12-06 01:00:00,2185.3
2025-08-01 21:00:00,3464.8
2025-09-09 00:00:00,2283.2
2025-05-24 17:00:00,3083.9
2025-01-26 03:00:00,1823.7
2025-05-08 08:00:00,2844.3
2025-12-03 06:00:00,2139.5
2025-01-06 06:00:00,1999.0
2025-09-06 07:00:00,2606.4
2025-06-11 12:00:00,2974.4
2025-05-03 07:00:00,2606.6
2025-11-01 04:00:00,1990.5
2025-08-15 19:00:00,3587.8
2025-10-25 23:00:00,2734.2
2025-07-05 11:00:00,2828.8
2025-10-25 19:00:00,3352.1
2025-05-28 03:00:00,2288.3
2025-04-24 18:00:00,3467.1
2025-02-04 11:00:00,2831.1
2025-03-10 07:00:00,2435.5
2025-10-25 08:00:00,2441.5
2025-02-11 00:00:00,2183.9
2025-05-17 17:00:00,3063.4
2025-12-30 21:00:00,3306.7
2025-04-02 04:00:00,2217.5
2025-04-05 09:00:00,2891.8
2025-04-12 19:00:00,3449.4
2025-01-16 02:00:00,1955.2
2025-04-08 21:00:00,3587.0
2025-01-15 09:00:00,2633.2
2025-02-03 22:00:00,2966.4
2025-09-14 22:00:00,3168.7
2025-07-20 07:00:00,2351.9
2025-05-14 13:00:00,3197.2
2025-11-18 06:00:00,2105.0
2025-05-02 15:00:00,3367.5
2025-09-06 09:00:00,2712.4
2025-05-19 13:00:00,3129.1
2025-06-21 02:00:00,2190.7
2025-08-29 19:00:00,3487.3
2025-03-30 04:00:00,2189.3
2025-11-07 10:00:00,2924.3
2025-03-18 10:00:00,3000.2
2025-02-03 01:00:00,2092.2
2025-11-07 19:00:00,3441.0
2025-03-23 11:00:00,2843.9
2025-10-15 10:00:00,3201.5
2025-04-22 10:00:00,3200.1
2025-01-04 22:00:00,2919.5
2025-11-18 01:00:00,2246.3
2025-06-26 01:00:00,2269.3
2025-06-06 12:00:00,3081.5
2025-05-01 11:00:00,3035.4
2025-04-09 19:00:00,3628.3
2025-11-30 03:00:00,2053.0
2025-12-21 08:00:00,2415.2
2025-11-06 12:00:00,2763.9
2025-12-09 08:00:00,2483.4
2025-05-15 12:00:00,3009.1
2025-09-14 14:00:00,2911.1
2025-10-23 11:00:00,2943.9
2025-09-22 23:00:00,2733.5
2025-09-07 20:00:00,3642.8
2025-11-27 00:00:00,2349.3
2025-12-10 04:00:00,2013.5
2025-11-02 06:00:00,2213.2
2025-09-09 04:00:00,2094.0
2025-04-29 21:00:00,3665.0
2025-12-17 00:00:00,2287.1
2025-05-02 08:00:00,2704.1
2025-03-19 17:00:00,3087.7
2025-08-28 18:00:00,3269.8
2025-07-12 04:00:00,2078.4
2025-11-17 09:00:00,2915.6
2025-03-19 09:00:00,2787.4
2025-04-21 05:00:00,2236.6
2025-04-04 11:00:00,3072.5
2025-08-12 21:00:00,3514.7
2025-04-08 08:00:00,2751.1
2025-02-09 14:00:00,2552.9
2025-11-12 18:00:00,3185.7
2025-12-06 13:00:00,2740.0
2025-05-08 20:00:00,3802.4
2025-02-16 16:00:00,2802.1
2025-11-14 00:00:00,2339.8
2025-04-19 05:00:00,2352.1
2025-04-02 20:00:00,3727.5
2025-01-18 11:00:00,2550.4
2025-02-08 10:00:00,2681.4
2025-02-22 06:00:00,1974.7
2025-01-20 21:00:00,3221.0
2025-03-26 19:00:00,3529.7
2025-08-14 08:00:00,2513.1
2025-08-30 04:00:00,2089.1
2025-08-28 06:00:00,2160.3
2025-10-27 06:00:00,2301.2
2025-11-16 11:00:00,2927.7
2025-08-20 23:00:00,2973.5
2025-10-07 01:00:00,2280.5
2025-02-20 02:00:00,2063.9
2025-09-30 06:00:00,2330.5
2025-04-20 10:00:00,3070.1
2025-08-29 05:00:00,2154.2
2025-12-24 14:00:00,3011.0
2025-03-24 02:00:00,2203.3
2025-05-10 14:00:00,3072.1
2025-06-17 10:00:00,3181.3
2025-03-31 15:00:00,3165.4
2025-06-03 15:00:00,3308.8
2025-07-24 20:00:00,3491.3
2025-03-25 05:00:00,2070.8
2025-06-18 01:00:00,2378.0
2025-07-11 14:00:00,3050.5
2025-05-08 06:00:00,2363.0
2025-02-22 00:00:00,2111.9
2025-04-02 08:00:00,2691.6
2025-04-24 00:00:00,2495.0
2025-02-11 08:00:00,2406.9
2025-04-02 06:00:00,2321.0
2025-07-14 14:00:00,3203.0
2025-08-03 06:00:00,2273.7
2025-09-07 08:00:00,2439.7
2025-10-01 13:00:00,2990.5
2025-06-06 18:00:00,3316.2
2025-10-17 07:00:00,2498.8
2025-05-30 21:00:00,3579.3
2025-07-16 07:00:00,2486.1
2025-02-24 22:00:00,3021.8
2025-03-19 15:00:00,3036.3
2025-04-08 15:00:00,3209.6
2025-04-13 01:00:00,2317.9
2025-03-31 00:00:00,2306.1
2025-02-14 09:00:00,2680.2
2025-09-02 12:00:00,2852.6
2025-01-26 00:00:00,2070.3
2025-06-26 03:00:00,2122.4
2025-04-20 05:00:00,2285.8
2025-11-12 17:00:00,3136.8
2025-01-04 05:00:00,1983.7
2025-11-11 10:00:00,2935.5
2025-05-01 18:00:00,3373.1
2025-09-14 04:00:00,2080.0
2025-11-02 12:00:00,2722.0
2025-07-20 20:00:00,3691.9
2025-02-24 18:00:00,3004.7
2025-12-03 21:00:00,3324.1
2025-09-05 19:00:00,3515.8
2025-09-25 05:00:00,2116.3
2025-12-04 12:00:00,2750.9
2025-02-06 08:00:00,2415.7
2025-06-10 10:00:00,3172.2
2025-08-16 20:00:00,3577.4
2025-09-05 23:00:00,2785.3
2025-06-01 19:00:00,3496.6
2025-05-04 13:00:00,2873.0
2025-05-22 07:00:00,2484.3
2025-08-14 15:00:00,3116.2
2025-04-17 16:00:00,3208.1
2025-03-07 10:00:00,3089.8
2025-04-20 19:00:00,3636.6
2025-08-08 00:00:00,2369.9
2025-05-28 02:00:00,2307.7
2025-01-16 15:00:00,2904.1
2025-03-21 12:00:00,2897.1
2025-07-04 13:00:00,3028.1
2025-12-01 07:00:00,2314.1
2025-12-05 00:00:00,2300.5
2025-06-17 19:00:00,3600.9
2025-09-27 05:00:00,2200.6
2025-03-08 20:00:00,3577.6
2025-02-16 14:00:00,2619.0
2025-06-03 05:00:00,2075.8
2025-05-26 10:00:00,3162.2
2025-03-26 22:00:00,3140.5
2025-11-18 13:00:00,2931.3
2025-09-09 15:00:00,3173.8
2025-05-04 06:00:00,2378.5
2025-03-25 02:00:00,2118.3
2025-04-28 16:00:00,3225.1
2025-12-02 20:00:00,3523.6
2025-04-10 00:00:00,2552.9
2025-12-15 09:00:00,2891.0
2025-02-25 22:00:00,2907.7
2025-01-14 08:00:00,2382.2
2025-03-09 11:00:00,2730.8
2025-06-04 17:00:00,3161.6
2025-08-09 07:00:00,2483.9
2025-03-27 20:00:00,3618.1
2025-12-30 09:00:00,2856.9
2025-04-03 11:00:00,3090.8
2025-03-11 17:00:00,3004.8
2025-09-09 14:00:00,3053.5
2025-01-11 20:00:00,3233.5
2025-12-08 09:00:00,2675.6
2025-03-26 23:00:00,2813.8
2025-07-19 09:00:00,2779.5
2025-02-07 13:00:00,2775.9
2025-06-06 00:00:00,2445.2
2025-09-24 18:00:00,3313.9
2025-03-26 10:00:00,3072.8
2025-10-19 04:00:00,2030.4
2025-11-16 22:00:00,3040.1
2025-06-26 10:00:00,3056.7
2025-03-21 21:00:00,3508.6
2025-03-18 04:00:00,2081.1
2025-03-07 13:00:00,2938.2
2025-07-03 23:00:00,2732.8
2025-07-17 21:00:00,3479.3
2025-09-17 17:00:00,3026.4
2025-12-06 02:00:00,2082.4
2025-07-13 22:00:00,3209.6
2025-09-19 19:00:00,3518.4
2025-06-25 08:00:00,2724.2
2025-07-12 19:00:00,3492.0
2025-01-10 08:00:00,2292.1
2025-01-31 03:00:00,1980.1
2025-12-11 05:00:00,2049.8
2025-10-18 19:00:00,3313.5
2025-02-17 13:00:00,2816.2
2025-08-19 09:00:00,2913.3
2025-09-27 13:00:00,2873.1
2025-08-29 04:00:00,2099.6
2025-11-08 03:00:00,2064.6
2025-12-10 06:00:00,2219.2
2025-08-20 10:00:00,3129.3
2025-10-27 17:00:00,3170.4
2025-08-18 15:00:00,3055.8
2025-04-26 02:00:00,2366.2
2025-02-05 06:00:00,2141.9
2025-06-28 17:00:00,3001.8
2025-08-20 16:00:00,3133.6
2025-10-07 21:00:00,3367.4
2025-07-30 02:00:00,2347.8
2025-09-12 21:00:00,3411.6
2025-04-17 07:00:00,2561.7
2025-08-27 13:00:00,2935.8
2025-05-03 00:00:00,2435.1
2025-01-05 21:00:00,3147.4
2025-01-27 21:00:00,3141.8
2025-09-06 14:00:00,2801.7
2025-01-01 03:00:00,1994.7
2025-06-23 18:00:00,3452.9
2025-09-01 19:00:00,3530.1
2025-01-20 11:00:00,2749.8
2025-11-09 01:00:00,2287.6
2025-01-01 05:00:00,1833.8
2025-08-11 14:00:00,3098.9
2025-02-08 07:00:00,2180.7
2025-04-19 03:00:00,2302.9
2025-06-30 04:00:00,2203.0
2025-02-14 07:00:00,2174.0
2025-04-18 22:00:00,3361.9
2025-01-11 02:00:00,1774.0
2025-10-21 10:00:00,3069.1
2025-12-03 07:00:00,2375.2
2025-02-18 08:00:00,2466.2
2025-04-30 14:00:00,3156.9
2025-06-05 15:00:00,3176.0
2025-12-22 08:00:00,2559.6
2025-04-10 21:00:00,3515.1
2025-05-27 13:00:00,3122.4
2025-10-19 02:00:00,2217.9
2025-05-23 13:00:00,3041.6
2025-04-17 19:00:00,3534.9
2025-10-09 23:00:00,2777.4
2025-08-23 06:00:00,2267.3
2025-03-08 21:00:00,3381.0
2025-03-14 05:00:00,2108.3
2025-04-07 20:00:00,3705.7
2025-04-23 21:00:00,3595.3
2025-12-06 15:00:00,2967.0
2025-02-24 16:00:00,2908.0
2025-05-24 16:00:00,3110.6
2025-06-08 20:00:00,3697.3
2025-09-11 13:00:00,2882.7
2025-12-18 00:00:00,2355.4
2025-04-09 10:00:00,3238.9
2025-03-24 07:00:00,2414.6
2025-05-27 10:00:00,3249.2
2025-03-15 09:00:00,2663.5
2025-11-08 23:00:00,2641.8
2025-08-14 01:00:00,2290.3
2025-04-25 03:00:00,2212.6
2025-08-23 21:00:00,3451.4
2025-04-21 20:00:00,3725.2
2025-04-14 00:00:00,2517.7
2025-12-27 12:00:00,2635.2
2025-10-08 18:00:00,3217.7
2025-10-15 03:00:00,2259.3
2025-11-11 00:00:00,2351.7
2025-06-16 23:00:00,2903.8
2025-07-16 14:00:00,3122.7
2025-09-15 09:00:00,2759.0
2025-03-04 05:00:00,2138.3
2025-06-25 06:00:00,2383.5
2025-09-23 11:00:00,2974.1
2025-03-31 22:00:00,3082.9
2025-02-18 17:00:00,2901.5
2025-12-12 14:00:00,2936.3
2025-01-10 16:00:00,2805.8
2025-01-03 18:00:00,2980.8
2025-11-12 01:00:00,2180.9
2025-03-08 19:00:00,3397.8
2025-09-15 00:00:00,2376.9
2025-05-17 19:00:00,3657.8
2025-05-30 20:00:00,3868.3
2025-09-20 00:00:00,2388.2
2025-07-13 00:00:00,2370.0
2025-10-17 19:00:00,3598.9
2025-01-06 05:00:00,1863.3
2025-11-15 09:00:00,2624.1
2025-09-17 13:00:00,2917.8
2025-08-11 22:00:00,3281.2
2025-02-24 00:00:00,2208.1
2025-03-24 08:00:00,2763.7
2025-12-12 15:00:00,3214.6
2025-01-30 17:00:00,2920.9
2025-03-28 11:00:00,2934.4
2025-07-10 20:00:00,3529.2
2025-08-28 14:00:00,3148.8
2025-12-31 11:00:00,2885.5
2025-05-09 14:00:00,3285.4
2025-12-02 05:00:00,2149.3
2025-10-14 18:00:00,3284.0
2025-12-04 01:00:00,2108.6
2025-11-16 17:00:00,2868.2
2025-05-20 09:00:00,3039.7
2025-12-10 14:00:00,2950.0
2025-09-02 14:00:00,2971.9
2025-09-29 02:00:00,2171.5
2025-04-27 13:00:00,3001.7
2025-02-08 06:00:00,2047.7
2025-03-10 14:00:00,3067.7
2025-08-02 10:00:00,2856.5
2025-08-02 14:00:00,2774.7
2025-07-27 10:00:00,2903.0
2025-08-15 07:00:00,2488.2
2025-10-13 02:00:00,2185.4
2025-07-12 13:00:00,2817.6
2025-10-11 17:00:00,2949.4
2025-01-16 04:00:00,1825.2
2025-11-11 17:00:00,3070.4
2025-05-17 23:00:00,2916.3
2025-03-30 13:00:00,2821.1
2025-06-21 19:00:00,3344.5
2025-07-10 09:00:00,2963.5
2025-01-22 21:00:00,3215.4
2025-07-20 21:00:00,3556.8
2025-01-03 07:00:00,2050.9
2025-01-27 14:00:00,2724.5
2025-01-13 14:00:00,2683.1
2025-04-26 06:00:00,2426.1
2025-08-31 03:00:00,2256.9
2025-02-23 04:00:00,2143.7
2025-12-19 08:00:00,2610.4
2025-07-16 16:00:00,3151.3
2025-03-27 15:00:00,3218.0
2025-08-13 00:00:00,2472.7
2025-10-17 11:00:00,3053.4
2025-08-03 09:00:00,2795.5
2025-07-04 16:00:00,3126.6
2025-06-01 20:00:00,3552.1
2025-06-22 15:00:00,3217.6
2025-04-30 22:00:00,3277.2
2025-06-25 02:00:00,2274.4
2025-09-28 13:00:00,2830.1
2025-08-04 15:00:00,3184.2
2025-04-06 06:00:00,2396.2
2025-04-05 05:00:00,2365.4
2025-08-07 08:00:00,2752.7
2025-12-10 01:00:00,2072.7
2025-04-06 16:00:00,3092.2
2025-10-17 01:00:00,2313.2
2025-10-29 16:00:00,3249.0
2025-09-05 04:00:00,2041.3
2025-03-15 01:00:00,2262.7
2025-08-05 13:00:00,2974.3
2025-03-24 00:00:00,2493.6
2025-12-02 15:00:00,3185.2
2025-05-10 21:00:00,3562.4
2025-04-10 17:00:00,3253.3
2025-01-22 19:00:00,3251.0
2025-09-23 16:00:00,3152.3
2025-10-10 20:00:00,3705.6
2025-11-17 00:00:00,2302.5
2025-10-18 21:00:00,3438.5
2025-08-19 04:00:00,2035.3
2025-10-06 05:00:00,2125.6
2025-06-12 12:00:00,3065.5
2025-12-18 10:00:00,2853.1
2025-07-15 19:00:00,3559.6
2025-08-21 17:00:00,3115.4
2025-12-08 03:00:00,1966.5
2025-11-28 12:00:00,2872.9
2025-11-12 10:00:00,3042.9
2025-05-11 02:00:00,2370.5
2025-10-10 09:00:00,2932.2
2025-06-23 04:00:00,2243.9
2025-03-24 01:00:00,2286.0
2025-01-28 23:00:00,2477.4
2025-06-24 12:00:00,3074.0
2025-01-28 18:00:00,3067.0
2025-12-01 13:00:00,2849.2
2025-03-20 15:00:00,3199.9
2025-05-17 02:00:00,2336.4
2025-01-12 16:00:00,2622.0
2025-03-13 15:00:00,3032.4
2025-05-03 19:00:00,3494.4
2025-07-05 15:00:00,2998.4
2025-02-07 11:00:00,2739.8
2025-11-17 07:00:00,2299.8
2025-09-09 07:00:00,2330.0
2025-05-24 13:00:00,3012.0
2025-09-11 18:00:00,3221.9
2025-12-05 14:00:00,2993.0
2025-10-19 07:00:00,2391.7
2025-11-03 06:00:00,2171.6
2025-11-23 06:00:00,2143.9
2025-02-01 16:00:00,2809.8
2025-09-18 14:00:00,3121.1
2025-03-21 10:00:00,3031.1
2025-06-18 10:00:00,3141.0
2025-06-09 07:00:00,2606.6
2025-06-22 10:00:00,2909.0
2025-06-09 02:00:00,2223.4
2025-09-19 05:00:00,2199.9
2025-06-29 04:00:00,2122.2
2025-08-21 01:00:00,2356.6
2025-09-16 04:00:00,2085.6
2025-11-27 21:00:00,3440.7
2025-04-19 01:00:00,2403.5
2025-06-23 12:00:00,2986.5
2025-05-07 07:00:00,2499.8
2025-09-06 19:00:00,3427.3
2025-05-30 03:00:00,2449.8
2025-04-29 00:00:00,2453.1
2025-08-16 01:00:00,2297.5
2025-05-25 16:00:00,3154.8
2025-09-21 15:00:00,2858.5
2025-01-06 17:00:00,2921.0
2025-10-21 11:00:00,2979.6
2025-07-23 20:00:00,3594.2
2025-04-01 20:00:00,3747.1
2025-03-30 16:00:00,3053.2
2025-11-19 02:00:00,2248.4
2025-05-13 09:00:00,3077.1
2025-07-22 06:00:00,2364.5
2025-07-13 05:00:00,2204.4
2025-08-02 03:00:00,2235.6
2025-12-03 20:00:00,3541.4
2025-10-24 23:00:00,2729.8
2025-11-15 16:00:00,2959.6
2025-06-27 13:00:00,2946.5
2025-07-01 00:00:00,2483.5
2025-02-25 11:00:00,2827.5
2025-03-26 01:00:00,2264.5
2025-07-09 06:00:00,2210.4
2025-04-14 10:00:00,2783.0
2025-10-19 18:00:00,3201.9
2025-02-26 14:00:00,2684.2
2025-10-17 05:00:00,2219.0
2025-12-01 01:00:00,2286.0
2025-09-18 01:00:00,2233.6
2025-02-25 09:00:00,2738.0
2025-12-31 13:00:00,2862.7
2025-10-14 17:00:00,3252.4
2025-12-29 04:00:00,1953.1
2025-11-24 23:00:00,2746.9
2025-11-13 05:00:00,2069.7
2025-03-31 14:00:00,3044.8
2025-07-08 18:00:00,3127.6
2025-03-30 10:00:00,2926.4
2025-07-14 17:00:00,3136.8
2025-06-15 21:00:00,3451.7
2025-10-19 12:00:00,2696.0
2025-02-22 04:00:00,1888.5
2025-05-17 14:00:00,2982.4
2025-10-22 06:00:00,2267.3
2025-05-21 14:00:00,3205.0
2025-04-28 06:00:00,2394.2
2025-07-16 15:00:00,3217.4
2025-09-30 16:00:00,3109.6
2025-03-19 00:00:00,2352.0
2025-07-22 10:00:00,2981.5
2025-11-26 05:00:00,2016.0
2025-05-07 13:00:00,3149.6
2025-01-17 04:00:00,1763.0
2025-01-10 19:00:00,3250.9
2025-02-14 21:00:00,3153.4
2025-03-24 16:00:00,3073.2
2025-07-01 19:00:00,3577.0
2025-11-08 09:00:00,2629.7
2025-06-15 02:00:00,
2025-02-02 02:00:00,2033.9
2025-04-01 05:00:00,2244.9
2025-07-08 21:00:00,3422.7
2025-01-29 01:00:00,2013.4
2025-01-11 09:00:00,2408.9
2025-09-20 09:00:00,2834.9
2025-03-07 14:00:00,2926.7
2025-10-29 15:00:00,3137.0
2025-09-17 22:00:00,3180.6
2025-05-23 11:00:00,3144.4
2025-03-28 17:00:00,3058.8
2025-03-17 23:00:00,2791.7
2025-07-10 23:00:00,2893.1
2025-07-27 08:00:00,2441.0
2025-07-09 08:00:00,2582.7
2025-08-20 21:00:00,3507.3
2025-11-27 19:00:00,3503.4
2025-01-30 20:00:00,3277.8
2025-12-19 02:00:00,2076.4
2025-12-18 17:00:00,3011.8
2025-03-27 08:00:00,2664.1
2025-09-07 21:00:00,3368.3
2025-10-03 00:00:00,2377.3
2025-10-29 21:00:00,3439.9
2025-10-30 04:00:00,2114.6
2025-08-08 08:00:00,2675.9
2025-06-24 02:00:00,2354.6
2025-11-14 17:00:00,3094.2
2025-07-20 09:00:00,2669.3
2025-04-24 12:00:00,2998.5
2025-12-12 17:00:00,3001.1
2025-10-25 12:00:00,2759.0
2025-10-27 14:00:00,3020.6
2025-03-02 20:00:00,3478.7
2025-10-16 02:00:00,2263.7
2025-09-07 13:00:00,2740.5
2025-03-11 12:00:00,2959.2
2025-12-01 14:00:00,2959.4
2025-04-25 20:00:00,3741.0
2025-03-25 08:00:00,2602.8
2025-07-10 11:00:00,2981.4
2025-07-12 05:00:00,2052.5
2025-12-17 21:00:00,3384.6
2025-01-17 20:00:00,3235.3
2025-01-17 00:00:00,2106.6
2025-01-22 06:00:00,2043.2
2025-12-12 22:00:00,2998.9
2025-03-31 16:00:00,3070.7
2025-03-10 01:00:00,2310.9
2025-12-15 12:00:00,2832.7
2025-08-21 12:00:00,2901.4
2025-07-19 08:00:00,2470.4
2025-12-11 17:00:00,3178.3
2025-10-18 10:00:00,2912.7
2025-06-13 13:00:00,3108.2
2025-08-11 08:00:00,2898.4
2025-06-23 06:00:00,2284.0
2025-11-07 09:00:00,2829.8
2025-07-26 04:00:00,2120.9
2025-09-03 18:00:00,3179.6
2025-09-21 08:00:00,2493.9
2025-08-12 06:00:00,2184.5
2025-01-10 07:00:00,2184.2
2025-04-02 09:00:00,3006.0
2025-05-11 16:00:00,3087.8
2025-07-06 05:00:00,2160.4
2025-03-18 00:00:00,2376.9
2025-02-12 07:00:00,2269.3
2025-10-31 14:00:00,3225.3
2025-08-02 12:00:00,2730.0
2025-07-27 04:00:00,2124.4
2025-11-06 02:00:00,2092.2
2025-11-05 17:00:00,3218.2
2025-02-03 05:00:00,1967.8
2025-04-30 15:00:00,3295.1
2025-01-01 09:00:00,2547.6
2025-03-18 14:00:00,3037.8
2025-07-20 04:00:00,2061.4
2025-01-11 15:00:00,2613.2
2025-10-20 18:00:00,3241.4
2025-08-27 01:00:00,2226.2
2025-05-19 12:00:00,3025.2
2025-11-18 10:00:00,2917.9
2025-03-07 21:00:00,3394.7
2025-02-08 12:00:00,2512.1
2025-04-26 19:00:00,3625.9
2025-11-25 19:00:00,3438.5
2025-09-13 12:00:00,2743.9
2025-08-10 16:00:00,2956.5
2025-11-01 16:00:00,2878.5
2025-10-23 22:00:00,3074.3
2025-09-09 18:00:00,3181.2
2025-06-07 07:00:00,2499.6
2025-07-21 11:00:00,3098.6
2025-07-26 20:00:00,3562.5
2025-01-23 11:00:00,2706.5
2025-11-08 19:00:00,3389.7
2025-04-25 09:00:00,2972.5
2025-06-04 23:00:00,2833.6
2025-10-12 03:00:00,2229.0
2025-07-06 04:00:00,2191.7
2025-01-28 19:00:00,3214.6
2025-11-12 15:00:00,3150.8
2025-07-30 23:00:00,2768.1
2025-02-26 09:00:00,2638.6
2025-10-24 10:00:00,3027.8
2025-12-23 15:00:00,3013.7
2025-04-23 15:00:00,3262.4
2025-05-19 18:00:00,3412.1
2025-12-02 13:00:00,2864.0
2025-05-30 08:00:00,2878.1
2025-12-11 06:00:00,2130.8
2025-08-24 05:00:00,2073.3
2025-05-21 16:00:00,3245.3
2025-02-22 08:00:00,2234.6
2025-09-15 22:00:00,3095.4
2025-08-11 20:00:00,3619.8
2025-06-23 23:00:00,2928.2
2025-07-24 14:00:00,2983.0
2025-03-19 04:00:00,2102.0
2025-09-21 04:00:00,2147.6
2025-12-26 15:00:00,3098.8
2025-03-29 17:00:00,2977.8
2025-01-06 13:00:00,2582.6
2025-07-29 13:00:00,3069.7
2025-02-08 16:00:00,2713.1
2025-02-04 07:00:00,2267.0
2025-11-12 16:00:00,3082.8
2025-03-05 19:00:00,3454.1
2025-02-20 14:00:00,2835.4
2025-01-22 00:00:00,2119.8
2025-09-30 02:00:00,2254.5
2025-05-09 00:00:00,2586.2
2025-10-03 19:00:00,3414.4
2025-06-04 13:00:00,2891.1
2025-07-22 01:00:00,2337.2
2025-07-17 20:00:00,3665.6
2025-06-27 20:00:00,3736.6
2025-12-27 13:00:00,2634.0
2025-06-24 10:00:00,3193.9
2025-08-09 21:00:00,3478.6
2025-05-02 19:00:00,3602.1
2025-10-02 12:00:00,2925.5
2025-03-17 10:00:00,2988.8
2025-05-26 06:00:00,2432.4
2025-11-06 03:00:00,2043.3
2025-05-11 21:00:00,3696.5
2025-02-25 04:00:00,1808.3
2025-06-29 16:00:00,2848.8
2025-11-09 06:00:00,2292.9
2025-12-13 13:00:00,2589.1
2025-08-19 21:00:00,3476.4
2025-09-15 04:00:00,2088.6
2025-03-06 04:00:00,2190.7
2025-04-22 17:00:00,3268.2
2025-12-27 17:00:00,2828.8
2025-09-21 01:00:00,2226.0
2025-02-19 15:00:00,2845.0
2025-08-09 13:00:00,2787.8
2025-03-06 06:00:00,2277.3
2025-10-22 00:00:00,2278.8
2025-04-16 19:00:00,3528.1
2025-02-09 17:00:00,2645.4
2025-10-29 17:00:00,3132.0
2025-10-08 11:00:00,3014.8
2025-07-21 22:00:00,3162.6
2025-10-11 09:00:00,
2025-11-30 18:00:00,3173.1
2025-06-30 10:00:00,3177.9
2025-08-11 06:00:00,2282.1
2025-11-02 10:00:00,2813.1
2025-07-17 01:00:00,2288.4
2025-09-30 13:00:00,3005.4
2025-08-10 01:00:00,2451.3
2025-08-04 01:00:00,2272.0
2025-11-24 12:00:00,2872.3
2025-03-31 20:00:00,3556.8
2025-02-14 06:00:00,2030.7
2025-02-18 15:00:00,3039.6
2025-06-01 12:00:00,2814.0
2025-11-15 19:00:00,3394.3
2025-08-21 20:00:00,3524.4
2025-10-27 16:00:00,3125.3
2025-07-07 03:00:00,2168.9
2025-10-30 18:00:00,3325.3
2025-07-27 12:00:00,2734.2
2025-12-30 07:00:00,2367.8
2025-07-26 02:00:00,2209.3
2025-04-26 22:00:00,3226.6
2025-01-30 21:00:00,3285.0
2025-04-15 06:00:00,2288.1
2025-07-01 16:00:00,3163.0
2025-06-23 19:00:00,3615.3
2025-12-03 18:00:00,3179.0
2025-12-23 04:00:00,1903.3
2025-01-17 11:00:00,2668.7
2025-10-27 10:00:00,3150.4
2025-12-25 11:00:00,2948.1
2025-07-07 04:00:00,2081.1
2025-02-26 21:00:00,3247.2
2025-12-29 02:00:00,2083.2
2025-09-04 13:00:00,2908.2
2025-07-27 00:00:00,2467.7
2025-05-02 10:00:00,3209.6
2025-08-24 04:00:00,2103.0
2025-06-06 22:00:00,3262.1
2025-05-24 08:00:00,2630.8
2025-11-03 13:00:00,2858.8
2025-10-11 14:00:00,2805.6
2025-03-31 07:00:00,2368.3
2025-08-01 16:00:00,3117.0
2025-07-31 09:00:00,2921.2
2025-03-07 11:00:00,2926.5
2025-06-19 23:00:00,2866.6
2025-02-16 18:00:00,3083.2
2025-04-27 02:00:00,2368.0
2025-05-04 15:00:00,3028.4
2025-04-15 08:00:00,2487.2
2025-09-07 12:00:00,2735.8
2025-10-26 12:00:00,2654.2
2025-01-31 08:00:00,2462.2
2025-11-13 03:00:00,2067.7
2025-11-11 07:00:00,2355.0
2025-01-18 04:00:00,
2025-08-28 09:00:00,2898.3
2025-11-16 12:00:00,2692.6
2025-02-04 09:00:00,2523.0
2025-05-17 03:00:00,2191.0
2025-06-15 14:00:00,2913.4
2025-12-13 02:00:00,2054.7
2025-01-18 09:00:00,2419.3
2025-10-09 04:00:00,2024.0
2025-03-28 18:00:00,3202.7
2025-05-21 13:00:00,3073.5
2025-08-27 14:00:00,2928.2
2025-06-21 03:00:00,2231.1
2025-07-02 12:00:00,2900.2
2025-11-18 19:00:00,3402.8
2025-02-14 10:00:00,2804.9
2025-06-13 01:00:00,2323.9
2025-08-19 16:00:00,3132.8
2025-11-30 10:00:00,2820.4
2025-08-13 11:00:00,2985.1
2025-08-27 20:00:00,3489.5
2025-04-25 02:00:00,2282.8
2025-07-30 12:00:00,2957.3
2025-06-16 16:00:00,3152.6
2025-04-12 03:00:00,2296.3
2025-10-12 17:00:00,2911.5
2025-03-12 07:00:00,2495.0
2025-02-05 11:00:00,2790.7
2025-09-20 15:00:00,2996.6
2025-09-02 22:00:00,3255.9
2025-04-29 07:00:00,2578.3
2025-07-12 03:00:00,2175.0
2025-04-14 17:00:00,2862.4
2025-10-15 17:00:00,3093.2
2025-11-04 22:00:00,3086.0
2025-04-29 17:00:00,3356.6
2025-10-05 17:00:00,2964.2
2025-09-03 01:00:00,2378.4
2025-07-05 12:00:00,2773.9
2025-11-06 05:00:00,2052.7
2025-09-28 04:00:00,2221.7
2025-04-14 07:00:00,2570.9
2025-10-03 17:00:00,3143.4
2025-03-31 05:00:00,2179.9
2025-08-05 04:00:00,2087.2
2025-04-25 08:00:00,2770.0
2025-10-30 05:00:00,2139.4
2025-05-27 02:00:00,2362.8
2025-03-11 23:00:00,2781.3
2025-06-27 01:00:00,2323.5
2025-05-12 03:00:00,2404.3
2025-12-05 18:00:00,3138.8
2025-10-19 20:00:00,3513.6
2025-01-25 04:00:00,1749.4
2025-06-19 14:00:00,3117.5
2025-05-20 07:00:00,2563.5
2025-11-05 12:00:00,2975.0
2025-06-03 00:00:00,2456.0
2025-01-24 07:00:00,2294.9
2025-08-07 05:00:00,2089.4
2025-11-22 05:00:00,2059.8
2025-01-22 08:00:00,2425.0
2025-02-15 01:00:00,2089.7
2025-03-11 08:00:00,2616.0
2025-03-22 11:00:00,2951.5
2025-12-19 15:00:00,3051.9
2025-02-17 22:00:00,3106.8
2025-04-29 06:00:00,2428.2
2025-09-05 21:00:00,3374.6
2025-12-13 04:00:00,1998.4
2025-08-04 17:00:00,3186.6
2025-02-04 14:00:00,2739.2
2025-12-13 07:00:00,2300.7
2025-07-18 00:00:00,2485.8
2025-12-21 17:00:00,2979.9
2025-01-27 11:00:00,2695.4
2025-07-06 01:00:00,2347.8
2025-10-11 07:00:00,2463.9
2025-11-29 19:00:00,3363.3
2025-10-22 23:00:00,2856.1
2025-10-18 06:00:00,2230.3
2025-06-22 14:00:00,3069.2
2025-10-20 19:00:00,3514.0
2025-02-06 12:00:00,2697.4
2025-07-22 21:00:00,3507.2
2025-08-10 11:00:00,2879.7
2025-08-06 14:00:00,3023.0
2025-01-01 04:00:00,1842.2
2025-05-08 03:00:00,2297.0
2025-08-26 03:00:00,2219.7
2025-05-11 04:00:00,2359.8
2025-04-14 19:00:00,3507.1
2025-06-10 14:00:00,3038.0
2025-07-19 01:00:00,2334.7
2025-11-09 21:00:00,3409.5
2025-09-27 01:00:00,2312.7
2025-09-20 05:00:00,2060.3
2025-02-17 20:00:00,3466.2
2025-01-24 22:00:00,2982.1
2025-06-07 01:00:00,2376.5
2025-06-22 18:00:00,3409.3
2025-02-05 13:00:00,2833.6
2025-09-04 15:00:00,3111.2
2025-10-03 14:00:00,3074.0
2025-09-08 02:00:00,2238.9
2025-07-07 07:00:00,2357.8
2025-12-07 13:00:00,2601.2
2025-10-05 07:00:00,2503.0
2025-04-09 16:00:00,3184.5
2025-07-19 04:00:00,2058.4
2025-11-30 00:00:00,2382.0
2025-05-03 22:00:00,3266.7
2025-08-23 09:00:00,2551.9
2025-10-18 11:00:00,2670.3
2025-03-18 17:00:00,3118.3
2025-09-07 10:00:00,2922.6
2025-01-23 09:00:00,2531.7
2025-04-27 22:00:00,3283.5
2025-08-30 17:00:00,3028.4
2025-08-22 04:00:00,2261.8
2025-10-28 06:00:00,2204.4
2025-11-02 23:00:00,2771.1
2025-11-12 00:00:00,2393.0
2025-12-04 08:00:00,2421.1
2025-02-02 16:00:00,2782.5
2025-02-28 17:00:00,2972.6
2025-01-07 10:00:00,2857.0
2025-11-22 06:00:00,2191.6
2025-05-06 09:00:00,3030.2
2025-03-12 06:00:00,2227.2
2025-06-17 06:00:00,2429.3
2025-11-07 15:00:00,3052.7
2025-06-10 23:00:00,2839.3
2025-04-24 21:00:00,3533.6
2025-03-20 23:00:00,2777.0
2025-08-15 18:00:00,3292.1
2025-01-24 17:00:00,2932.3
2025-10-07 13:00:00,2896.0
2025-09-01 22:00:00,3159.7
2025-03-17 16:00:00,3045.0
2025-12-13 15:00:00,2883.7
2025-05-22 10:00:00,3209.1
2025-05-19 15:00:00,3390.0
2025-12-31 08:00:00,2493.3
2025-09-12 06:00:00,2261.3
2025-05-04 23:00:00,3018.8
2025-02-10 20:00:00,3386.8
2025-01-08 22:00:00,2883.0
2025-08-01 00:00:00,2476.9
2025-01-30 03:00:00,1866.3
2025-12-23 03:00:00,1934.1
2025-01-26 06:00:00,2054.4
2025-01-13 13:00:00,2696.7
2025-05-23 12:00:00,3077.7
2025-12-24 18:00:00,3112.5
2025-02-14 04:00:00,1783.3
2025-05-24 12:00:00,2941.0
2025-02-14 13:00:00,2764.2
2025-04-02 21:00:00,3578.4
2025-11-02 19:00:00,3396.3
2025-12-09 00:00:00,2312.1
2025-11-16 23:00:00,2849.1
2025-07-13 10:00:00,2897.2
2025-11-17 03:00:00,2053.4
2025-11-30 04:00:00,2117.5
2025-08-22 08:00:00,2678.0
2025-10-20 14:00:00,3011.0
2025-07-23 21:00:00,3501.1
2025-01-10 09:00:00,2556.1
2025-05-20 18:00:00,3429.0
2025-09-03 15:00:00,3215.5
2025-05-24 04:00:00,2304.6
2025-03-12 13:00:00,2873.8
2025-10-15 05:00:00,2283.4
2025-02-13 13:00:00,2801.6
2025-05-24 14:00:00,3008.3
2025-12-02 10:00:00,3015.2
2025-12-31 07:00:00,2321.6
2025-07-17 07:00:00,2501.2
2025-07-07 08:00:00,2705.0
2025-02-20 18:00:00,3140.4
2025-09-08 15:00:00,3041.0
2025-06-16 03:00:00,2218.0
2025-07-24 15:00:00,3128.5
2025-07-07 05:00:00,2136.1
2025-10-17 08:00:00,2664.4
2025-08-26 11:00:00,2964.9
2025-12-15 00:00:00,2279.3
2025-02-09 20:00:00,3329.7
2025-04-30 13:00:00,3153.8
2025-07-04 17:00:00,3180.9
2025-07-27 05:00:00,2186.1
2025-05-04 09:00:00,2794.4
2025-04-02 16:00:00,3194.8
2025-01-05 02:00:00,1894.3
2025-12-26 12:00:00,2833.2
2025-04-17 13:00:00,3022.1
2025-12-18 21:00:00,3395.3
2025-06-24 23:00:00,2942.6
2025-08-19 19:00:00,3472.5
2025-03-10 16:00:00,3076.4
2025-09-16 05:00:00,2209.8
2025-09-20 07:00:00,2426.3
2025-07-07 11:00:00,2945.1
2025-02-18 02:00:00,2072.2
2025-04-04 23:00:00,2839.1
2025-05-13 02:00:00,2267.5
2025-11-05 08:00:00,2656.1
2025-10-26 06:00:00,2239.3
2025-05-10 12:00:00,2945.4
2025-07-09 12:00:00,2949.4
2025-08-14 23:00:00,2658.8
2025-03-27 09:00:00,2903.6
2025-12-24 11:00:00,2982.7
2025-01-11 22:00:00,2704.5
2025-06-19 05:00:00,2240.1
2025-08-19 14:00:00,3054.4
2025-10-03 16:00:00,3070.9
2025-12-05 08:00:00,2479.8
2025-12-06 19:00:00,3412.7
2025-03-17 02:00:00,2053.2
2025-07-17 08:00:00,2796.6
2025-04-10 09:00:00,2987.6
2025-10-06 22:00:00,3254.1
2025-08-28 23:00:00,2848.8
2025-03-23 15:00:00,2912.6
2025-05-05 00:00:00,2520.2
2025-03-18 19:00:00,3427.0
2025-03-14 06:00:00,2228.3
2025-05-02 07:00:00,2641.4
2025-12-14 10:00:00,2733.4
2025-03-24 18:00:00,3312.2
2025-09-30 18:00:00,3321.1
2025-10-23 18:00:00,3239.6
2025-04-28 03:00:00,2276.2
2025-01-28 11:00:00,2786.9
2025-04-15 15:00:00,2876.0
2025-06-28 10:00:00,2854.5
2025-09-19 23:00:00,2777.0
2025-03-22 10:00:00,3029.5
2025-10-24 21:00:00,3374.7
2025-01-09 05:00:00,1886.3
2025-11-21 01:00:00,2205.0
2025-05-03 03:00:00,2285.5
2025-11-30 12:00:00,2744.4
2025-04-07 23:00:00,2874.6
2025-07-02 21:00:00,3534.4
2025-06-25 18:00:00,3440.2
2025-01-09 10:00:00,2888.5
2025-05-27 06:00:00,2455.9
2025-07-25 11:00:00,3070.1
2025-08-19 15:00:00,3079.5
2025-08-30 07:00:00,2545.5
2025-03-13 03:00:00,2157.3
2025-08-04 12:00:00,2947.2
2025-08-07 17:00:00,3172.3
2025-09-30 00:00:00,2421.6
2025-12-26 11:00:00,2831.9
2025-09-01 23:00:00,2875.8
2025-12-07 04:00:00,1985.6
2025-02-05 14:00:00,2842.1
2025-07-17 09:00:00,2890.7
2025-01-30 02:00:00,1796.6
2025-06-04 00:00:00,2514.3
2025-03-10 04:00:00,2077.4
2025-10-31 08:00:00,2650.4
2025-11-11 18:00:00,3117.5
2025-05-30 05:00:00,2318.4
2025-02-23 19:00:00,3331.7
2025-10-02 09:00:00,2973.3
2025-03-19 05:00:00,2098.2
2025-08-07 00:00:00,2401.6
2025-06-06 19:00:00,3639.6
2025-05-18 16:00:00,3103.5
2025-03-04 07:00:00,2388.6
2025-11-30 02:00:00,2193.7
2025-03-25 06:00:00,2207.7
2025-01-28 15:00:00,2886.7
2025-06-06 04:00:00,2297.2
2025-07-03 21:00:00,3621.2
2025-08-19 10:00:00,2963.2
2025-08-21 07:00:00,2481.1
2025-11-10 14:00:00,3005.3
2025-09-02 08:00:00,2672.5
2025-10-10 08:00:00,2748.9
2025-02-24 10:00:00,2753.1
2025-11-05 00:00:00,2409.5
2025-08-22 00:00:00,2561.3
2025-03-11 07:00:00,2366.5
2025-08-16 02:00:00,2237.8
2025-06-01 03:00:00,2241.1
2025-04-23 05:00:00,2309.1
2025-09-04 11:00:00,2916.9
2025-05-12 13:00:00,3163.0
2025-10-05 20:00:00,3529.3
2025-02-14 03:00:00,1837.4
2025-07-13 04:00:00,2085.8
2025-05-16 02:00:00,2426.6
2025-03-11 22:00:00,3132.4
2025-10-15 04:00:00,2122.5
2025-09-23 14:00:00,3105.7
2025-11-12 14:00:00,3069.2
2025-03-15 05:00:00,2056.7
2025-09-08 19:00:00,3473.7
2025-08-02 04:00:00,2009.9
2025-11-05 16:00:00,3139.8
2025-04-27 06:00:00,2439.3
2025-02-05 23:00:00,2666.2
2025-11-24 10:00:00,3012.3
2025-03-03 20:00:00,3528.6
2025-10-21 03:00:00,2057.6
2025-11-18 17:00:00,3014.4
2025-09-07 01:00:00,2286.1
2025-08-02 22:00:00,3069.0
2025-01-09 14:00:00,2858.4
2025-07-07 00:00:00,2469.4
2025-10-17 02:00:00,2229.7
2025-10-15 22:00:00,3174.0
2025-01-21 22:00:00,2983.9
2025-11-04 17:00:00,3031.8
2025-02-12 20:00:00,3516.5
2025-06-10 00:00:00,2502.7
2025-12-04 22:00:00,3023.7
2025-07-30 16:00:00,3141.6
2025-12-06 18:00:00,3204.4
2025-04-24 19:00:00,3586.5
2025-04-13 06:00:00,2337.9
2025-10-28 15:00:00,3060.3
2025-05-10 08:00:00,2687.1
2025-12-16 16:00:00,3105.2
2025-09-19 14:00:00,2998.3
2025-05-10 03:00:00,2314.8
2025-09-15 16:00:00,3164.1
2025-05-29 09:00:00,3056.7
2025-09-03 12:00:00,2937.4
2025-01-17 07:00:00,2076.4
2025-10-08 16:00:00,3045.1
2025-08-23 02:00:00,2117.0
2025-08-08 02:00:00,2192.1
2025-04-23 07:00:00,2657.9
2025-03-26 11:00:00,3039.8
2025-08-16 15:00:00,3080.6
2025-04-18 00:00:00,2508.4
2025-11-30 14:00:00,2784.4
2025-01-03 16:00:00,2809.3
2025-03-27 22:00:00,3154.6
2025-08-08 20:00:00,3662.0
2025-10-28 08:00:00,2629.7
2025-12-28 20:00:00,3443.8
2025-12-24 03:00:00,2057.2
2025-09-21 19:00:00,3399.9
2025-07-22 11:00:00,2926.1
2025-07-23 15:00:00,3225.1
2025-02-06 14:00:00,2796.0
2025-12-22 09:00:00,2888.3
2025-11-26 20:00:00,3515.3
2025-10-13 23:00:00,2709.2
2025-11-25 20:00:00,3553.7
2025-09-26 07:00:00,2403.9
2025-11-24 21:00:00,3416.6
2025-02-12 08:00:00,2494.9
2025-11-14 21:00:00,3438.8
2025-02-11 11:00:00,2843.6
2025-06-29 01:00:00,2169.7
2025-01-07 17:00:00,2926.8
2025-08-25 11:00:00,2956.6
2025-10-14 09:00:00,2981.8
2025-11-29 21:00:00,3212.8
2025-06-10 03:00:00,2176.2
2025-02-12 13:00:00,2770.3
2025-05-09 01:00:00,2547.7
2025-11-11 19:00:00,3422.0
2025-06-14 07:00:00,2492.8
2025-03-08 01:00:00,2293.6
2025-05-12 08:00:00,2873.2
2025-12-09 18:00:00,3085.2
2025-02-02 07:00:00,2121.4
2025-10-23 19:00:00,3500.0
2025-08-17 14:00:00,2884.7
2025-09-17 19:00:00,3526.1
2025-10-21 09:00:00,2844.7
2025-04-19 20:00:00,3771.5
2025-11-10 01:00:00,2286.0
2025-12-18 09:00:00,2734.1
2025-08-13 17:00:00,3146.5
2025-06-12 02:00:00,2150.1
2025-05-29 04:00:00,2188.1
2025-03-05 16:00:00,3029.7
2025-02-22 19:00:00,3189.6
2025-11-19 06:00:00,2208.0
2025-03-21 03:00:00,2194.1
2025-07-14 02:00:00,2383.4
2025-05-06 05:00:00,2319.1
2025-04-24 22:00:00,3264.1
2025-01-08 21:00:00,3170.6
2025-04-25 11:00:00,3189.9
2025-03-27 07:00:00,2470.7
2025-11-24 01:00:00,2244.2
2025-04-17 14:00:00,3219.9
2025-12-28 02:00:00,2105.6
2025-09-24 12:00:00,2960.0
2025-05-22 01:00:00,2384.3
2025-07-09 19:00:00,3362.2
2025-02-19 08:00:00,2470.1
2025-09-25 12:00:00,2917.4
2025-07-30 11:00:00,3048.0
2025-08-10 07:00:00,2566.3
2025-04-12 09:00:00,2832.8
2025-10-17 13:00:00,3015.9
2025-02-02 01:00:00,2060.9
2025-03-12 05:00:00,2143.8
2025-12-13 18:00:00,3156.7
2025-08-21 10:00:00,3009.8
2025-07-04 10:00:00,3167.5
2025-01-20 10:00:00,2806.4
2025-09-19 01:00:00,2318.1
2025-08-27 22:00:00,3156.6
2025-08-05 07:00:00,2436.8
2025-08-13 14:00:00,3051.3
2025-02-05 20:00:00,3373.3
2025-10-30 22:00:00,3147.8
